Village,Mode of Wages/ Income,How many in the family can use the mobile?,Type of TV ,Number of people in the House
Prathuru,Bank,4,Normal,4
Prathuru,Bank,4,Smart,6
Nuthakki,Cash,4,Normal,8
Nuthakki,Cash,0,NO TV,1
Nuthakki,Cash,2,NO TV,5
Nuthakki,Bank,2,Normal,5
Nuthakki,Cash,4,Normal,6
Nuthakki,Cash,4,Normal,3
Mellempudi,Bank,2,Normal,2
Mellempudi,Cash,2,Smart,8
Mellempudi,Cash,2,Normal,3
Ippatam,Cash,3,Smart,3
Mellempudi,Cash,1,Normal,1
Peddapalem,Cash,5,Normal,7
Ippatam,Cash,2,Normal,2
Peddapalem,Cash,2,Normal,2
Peddapalem,Cash,0,Normal,5
Peddapalem,Cash,4,Normal,4
Peddapalem,Bank,2,Normal,6
Ippatam,Cash,2,Normal,4
Ippatam,Cash,1,Normal,4
Ippatam,Cash,0,NO TV,2
Ippatam,Bank,0,Normal,1
Athmakuru,Cash,4,Smart,4
Athmakuru,Cash,3,Smart,4
Athmakuru,Cash,2,Normal,5
Athmakuru,Cash,2,Normal,2
Mellempudi,Cash,2,Normal,2
Mellempudi,Bank,3,Normal,4
Mellempudi,Bank,4,Smart,5
Mellempudi,Cash,1,Normal,1
Mellempudi,Cash,1,Normal,2
Mellempudi,Cash,2,Normal,4
Athmakuru,Bank,3,Normal,3
Athmakuru,Cash,4,Normal,10
Athmakuru,Cash,1,Normal,3
Athmakuru,Cash,2,Normal,4
Athmakuru,Cash,3,Normal,4
Athmakuru,Cash,3,Normal,4
Athmakuru,Bank,2,Normal,4
Athmakuru,Cash,4,NO TV,4
Athmakuru,Cash,0,NO TV,4
Athmakuru,Cash,1,Normal,2
Athmakuru,Bank,4,Smart,5
Athmakuru,Bank,3,Normal,6
Athmakuru,Cash,2,Normal,4
Ippatam,Cash,1,Normal,2
Peddapalem,Cash,1,Normal,3
Peddapalem,Cash,1,Normal,4
Peddapalem,Cash,1,Normal,4
Vaddeswaram,Cash,1,Smart,2
Peddapalem,Cash,1,Normal,4
Peddapalem,Cash,2,Normal,4
Mellempudi,Cash,5,Normal,6
Mellempudi,Cash,3,Normal,6
Mellempudi,Cash,2,Normal,6
Mellempudi,Bank,2,Normal,2
Mellempudi,Cash,2,Smart,2
Mellempudi,Bank,2,Normal,2
Mellempudi,Cash,1,Normal,4
Mellempudi,Cash,1,NO TV,4
Mellempudi,Cash,1,Normal,6
Mellempudi,Cash,2,Normal,4
Mellempudi,Bank,1,Normal,3
Mellempudi,Cash,1,Normal,1
Mellempudi,Cash,7,Normal,7
Mellempudi,Cash,0,NO TV,2
Mellempudi,Cash,1,Normal,4
Mellempudi,Cash,3,Normal,3
Mellempudi,Cash,2,NO TV,2
Mellempudi,Cash,2,Normal,2
Mellempudi,Cash,1,Normal,2
Mellempudi,Bank,2,Normal,3
Mellempudi,Cash,1,Normal,3
Mellempudi,Cash,1,Normal,5
Mellempudi,Cash,2,Normal,4
Mellempudi,Cash,3,Normal,4
Mellempudi,Bank,1,Normal,3
Mellempudi,Bank,1,Normal,3
Mellempudi,Cash,3,Smart,4
Mellempudi,Cash,3,Normal,4
Mellempudi,Cash,2,Normal,5
Mellempudi,Cash,2,Normal,4
Mellempudi,Cash,3,Normal,3
Mellempudi,Cash,1,Normal,3
Mellempudi,Cash,3,Normal,5
Mellempudi,Cash,2,Normal,6
Mellempudi,Cash,2,Normal,3
Mellempudi,Cash,1,Normal,1
Mellempudi,Cash,2,Normal,2
Mellempudi,Cash,1,Normal,4
Mellempudi,Bank,5,Smart,6
Mellempudi,Bank,1,Normal,1
Mellempudi,Cash,1,Normal,2
Mellempudi,Bank,3,Smart,4
Mellempudi,Bank,2,Normal,5
Mellempudi,Cash,2,Normal,2
Mellempudi,Cash,2,Normal,2
Mellempudi,Cash,1,Normal,3
Mellempudi,Cash,0,Normal,2
Mellempudi,Cash,3,Normal,8
Mellempudi,Cash,2,Normal,5
Mellempudi,Cash,1,Normal,2
Mellempudi,Cash,1,Normal,1
Mellempudi,Cash,1,Normal,2
Mellempudi,Cash,2,Normal,3
Mellempudi,Cash,0,Normal,2
Mellempudi,Cash,3,Normal,5
Mellempudi,Cash,0,Normal,2
Mellempudi,Cash,1,Normal,4
Mellempudi,Cash,2,Normal,3
Mellempudi,Cash,1,Normal,2
Mellempudi,Cash,4,Smart,9
Mellempudi,Cash,1,NO TV,3
Mellempudi,Cash,1,Normal,4
Mellempudi,Cash,1,Normal,2
Mellempudi,Bank,4,Normal,9
Mellempudi,Cash,2,Normal,4
Mellempudi,Cash,2,Normal,2
Mellempudi,Bank,2,Smart,2
Mellempudi,Cash,1,Normal,2
Mellempudi,Cash,2,Normal,3
Mellempudi,Cash,3,Normal,4
Mellempudi,Cash,2,Normal,2
Mellempudi,Bank,4,Smart,4
Mellempudi,Cash,1,Normal,2
Mellempudi,Cash,2,Normal,11
Mellempudi,Cash,1,Normal,2
Mellempudi,Cash,2,Normal,2
Mellempudi,Cash,2,Normal,3
Mellempudi,Cash,3,Normal,4
Mellempudi,Cash,4,Normal,7
Mellempudi,Cash,2,Normal,4
Mellempudi,Cash,1,Normal,4
Mellempudi,Cash,1,Normal,2
Mellempudi,Cash,2,Normal,2
Mellempudi,Cash,1,Normal,2
Mellempudi,Cash,1,Normal,5
Mellempudi,Cash,3,Normal,3
Mellempudi,Cash,2,Smart,5
Mellempudi,Cash,4,Normal,4
Mellempudi,Cash,6,Normal,9
Mellempudi,Cash,2,Smart,3
Mellempudi,Cash,1,NO TV,5
Mellempudi,Cash,3,Normal,5
Mellempudi,Cash,2,Smart,6
Mellempudi,Cash,4,Normal,6
Mellempudi,Cash,4,Normal,6
Mellempudi,Cash,1,Normal,2
Mellempudi,Cash,3,Normal,5
Mellempudi,Cash,2,Normal,4
Mellempudi,Cash,3,Smart,5
Mellempudi,Cash,3,Smart,3
Mellempudi,Cash,1,Normal,3
Mellempudi,Cash,0,Normal,1
Mellempudi,Cash,4,Normal,4
Mellempudi,Cash,4,Normal,5
Mellempudi,Cash,1,Normal,2
Mellempudi,Cash,1,Normal,1
Mellempudi,Bank,1,Normal,2
Mellempudi,Cash,1,Normal,1
Mellempudi,Cash,5,Normal,5
Mellempudi,Cash,4,Normal,5
Mellempudi,Cash,2,Smart,3
Mellempudi,Cash,2,Normal,2
Mellempudi,Bank,2,Normal,3
Mellempudi,Cash,2,Normal,4
Mellempudi,Cash,2,Normal,4
Mellempudi,Cash,0,Normal,2
Mellempudi,Cash,2,Normal,4
Mellempudi,Cash,2,Normal,2
Mellempudi,Cash,2,Normal,3
Mellempudi,Cash,2,Normal,3
Mellempudi,Cash,2,Normal,3
Mellempudi,Cash,1,Normal,1
Mellempudi,Cash,2,Smart,3
Mellempudi,Cash,1,Normal,2
Mellempudi,Cash,2,Normal,2
Mellempudi,Cash,2,Normal,4
Mellempudi,Cash,3,Normal,6
Mellempudi,Cash,1,NO TV,1
Mellempudi,Cash,2,Normal,6
Mellempudi,Cash,1,Normal,5
Mellempudi,Cash,3,Normal,4
Mellempudi,Cash,2,Normal,2
Mellempudi,Cash,1,NO TV,4
Mellempudi,Cash,2,Normal,8
Mellempudi,Cash,1,Smart,4
Mellempudi,Cash,2,Smart,4
Mellempudi,Cash,2,Smart,3
Mellempudi,Cash,2,Normal,4
Mellempudi,Cash,4,Smart,7
Mellempudi,Cash,0,NO TV,1
Mellempudi,Cash,3,Smart,8
Mellempudi,Cash,1,Smart,4
Mellempudi,Cash,2,NO TV,4
Mellempudi,Cash,2,Normal,2
Mellempudi,Cash,1,NO TV,5
Mellempudi,Cash,3,Smart,6
Mellempudi,Bank,2,Smart,3
Mellempudi,Cash,2,Normal,6
Mellempudi,Cash,0,NO TV,1
Mellempudi,Cash,1,Normal,3
Mellempudi,Cash,2,Normal,3
Mellempudi,Cash,2,Normal,7
Mellempudi,Cash,2,Normal,4
Mellempudi,Cash,2,Normal,6
Mellempudi,Cash,0,Normal,1
Mellempudi,Cash,2,Normal,3
Mellempudi,Cash,2,Normal,4
Mellempudi,Bank,4,Normal,5
Mellempudi,Cash,2,Normal,5
Peddapalem,Bank,3,Normal,7
Peddapalem,Cash,1,Normal,4
Chirravuru,Cash,1,Normal,5
Peddapalem,Cash,1,Normal,5
Peddapalem,Cash,2,Normal,4
Mellempudi,Cash,4,NO TV,4
Mellempudi,Cash,1,Normal,2
Mellempudi,Cash,2,Normal,3
Mellempudi,Cash,3,Normal,5
Mellempudi,Cash,2,Normal,2
Mellempudi,Cash,2,NO TV,2
Mellempudi,Bank,1,Normal,4
Mellempudi,Cash,1,NO TV,3
Mellempudi,Cash,1,NO TV,2
Mellempudi,Cash,1,Normal,8
Mellempudi,Cash,2,Normal,5
Peddapalem,Bank,2,NO TV,1
Mellempudi,Cash,3,Normal,6
Mellempudi,Cash,1,NO TV,1
Peddapalem,Cash,3,Normal,5
Peddapalem,Bank,2,Normal,6
Peddapalem,Cash,2,Normal,3
Peddapalem,Bank,3,Normal,5
Peddapalem,Cash,1,Normal,4
Peddapalem,Cash,2,Normal,6
Peddapalem,Cash,1,Normal,3
Peddapalem,Cash,2,Normal,5
Undavalli,Bank,1,Normal,3
Athmakuru,Cash,4,Normal,5
Athmakuru,Bank,4,Normal,4
Athmakuru,Cash,1,Normal,5
Athmakuru,Cash,3,Normal,5
Athmakuru,Cash,2,Normal,3
Athmakuru,Cash,1,Normal,4
Athmakuru,Cash,2,Normal,5
Athmakuru,Bank,4,Normal,4
Athmakuru,Cash,3,Normal,6
Athmakuru,Cash,2,Normal,4
Athmakuru,Bank,4,Normal,4
Athmakuru,Cash,2,Normal,3
Athmakuru,Cash,2,Normal,5
Athmakuru,Bank,4,Normal,6
Athmakuru,Cash,4,Smart,4
Athmakuru,Cash,3,Normal,3
Athmakuru,Cash,1,Normal,3
Athmakuru,Cash,4,Normal,4
Athmakuru,Cash,3,Normal,5
Athmakuru,Cash,0,NO TV,2
Athmakuru,Cash,1,Normal,4
Athmakuru,Bank,2,Normal,10
Athmakuru,Bank,4,Normal,10
Athmakuru,Cash,5,Normal,10
Athmakuru,Cash,1,Normal,5
Athmakuru,Bank,3,Normal,4
Athmakuru,Cash,2,Normal,5
Athmakuru,Cash,1,Normal,4
Athmakuru,Cash,1,Normal,3
Athmakuru,Bank,2,Normal,2
Athmakuru,Bank,4,Normal,6
Athmakuru,Cash,2,Normal,3
Athmakuru,Cash,2,Normal,6
Athmakuru,Cash,2,Normal,5
Athmakuru,Bank,2,Normal,5
Athmakuru,Cash,0,Normal,2
Athmakuru,Cash,3,NO TV,4
Athmakuru,Bank,5,Normal,5
Athmakuru,Cash,0,Normal,5
Athmakuru,Cash,1,Normal,2
Athmakuru,Cash,2,Normal,3
Athmakuru,Cash,1,Normal,2
Athmakuru,Cash,1,Normal,3
Athmakuru,Cash,0,Normal,2
Athmakuru,Cash,0,Normal,3
Athmakuru,Cash,2,Smart,4
Athmakuru,Bank,4,Smart,4
Athmakuru,Cash,2,Normal,4
Athmakuru,Cash,2,Normal,7
Athmakuru,Cash,2,Normal,4
Athmakuru,Cash,2,Normal,7
Athmakuru,Cash,1,Normal,5
Athmakuru,Cash,1,Normal,2
Athmakuru,Cash,2,Normal,10
Athmakuru,Bank,2,Normal,3
Athmakuru,Cash,2,Normal,4
Athmakuru,Cash,4,Normal,6
Athmakuru,Cash,2,Normal,6
Athmakuru,Cash,0,Normal,3
Athmakuru,Cash,1,Normal,4
Athmakuru,Cash,2,Normal,3
Athmakuru,Cash,0,Normal,3
Athmakuru,Cash,1,NO TV,4
Athmakuru,Cash,1,Normal,4
Athmakuru,Bank,2,Normal,4
Chinnapalem,Cash,1,Normal,1
Chinnapalem,Cash,1,NO TV,1
Athmakuru,Bank,2,Normal,4
Chinnapalem,Cash,0,NO TV,1
Athmakuru,Cash,1,NO TV,2
Athmakuru,Cash,1,Normal,4
Athmakuru,Bank,7,Smart,7
Athmakuru,Cash,1,Normal,6
Athmakuru,Cash,2,NO TV,4
Athmakuru,Cash,2,Normal,4
Athmakuru,Cash,3,Normal,7
Athmakuru,Cash,2,Normal,5
Athmakuru,Cash,0,Normal,2
Athmakuru,Cash,1,Normal,4
Athmakuru,Cash,1,Smart,4
Athmakuru,Cash,8,Smart,8
Athmakuru,Cash,2,Normal,4
Athmakuru,Cash,5,Normal,5
Athmakuru,Cash,2,Normal,5
Athmakuru,Cash,1,Normal,5
Athmakuru,Cash,2,Normal,4
Athmakuru,Cash,4,Normal,8
Athmakuru,Cash,1,Normal,5
Athmakuru,Cash,1,Normal,2
Athmakuru,Cash,1,Normal,2
Athmakuru,Cash,1,Normal,2
Athmakuru,Cash,1,Normal,5
Athmakuru,Cash,1,Normal,4
Athmakuru,Cash,2,Normal,5
Athmakuru,Cash,1,NO TV,3
Athmakuru,Cash,1,Normal,5
Athmakuru,Bank,3,Smart,4
Athmakuru,Cash,2,Normal,5
Athmakuru,Cash,1,Normal,2
Athmakuru,Bank,2,Normal,4
Athmakuru,Cash,2,Normal,3
Athmakuru,Cash,1,Normal,4
Athmakuru,Cash,1,Normal,5
Athmakuru,Cash,0,Normal,2
Athmakuru,Cash,1,Normal,3
Athmakuru,Cash,0,Normal,4
Athmakuru,Cash,1,Normal,4
Athmakuru,Cash,0,NO TV,2
Athmakuru,Cash,1,Normal,1
Athmakuru,Cash,1,Normal,4
Athmakuru,Cash,0,NO TV,1
Athmakuru,Cash,1,Normal,4
Athmakuru,Cash,1,Normal,4
Athmakuru,Cash,1,Normal,3
Athmakuru,Cash,1,Normal,4
Athmakuru,Cash,4,Normal,13
Athmakuru,Bank,2,Smart,4
Athmakuru,Cash,3,Normal,6
Athmakuru,Cash,1,Normal,8
Athmakuru,Bank,5,Smart,5
Athmakuru,Cash,3,Normal,3
Athmakuru,Cash,2,Normal,3
Athmakuru,Cash,1,Normal,5
Athmakuru,Bank,2,Smart,4
Athmakuru,Cash,1,Normal,4
Athmakuru,Cash,1,Normal,2
Athmakuru,Cash,2,Normal,2
Athmakuru,Cash,4,Normal,9
Athmakuru,Cash,2,Normal,4
Athmakuru,Cash,2,Normal,4
Athmakuru,Cash,0,Normal,2
Athmakuru,Bank,4,Normal,4
Athmakuru,Cash,4,Normal,5
Athmakuru,Bank,1,Normal,7
Athmakuru,Cash,1,Normal,2
Athmakuru,Cash,0,Normal,6
Athmakuru,Bank,2,Normal,5
Athmakuru,Cash,1,Normal,2
Athmakuru,Cash,2,Normal,4
Athmakuru,Bank,2,Normal,3
Athmakuru,Cash,2,Normal,5
Athmakuru,Cash,2,Normal,4
Athmakuru,Cash,2,Normal,4
Athmakuru,Cash,1,Normal,5
Athmakuru,Cash,2,Normal,3
Athmakuru,Cash,1,Normal,3
Athmakuru,Cash,1,Normal,5
Athmakuru,Cash,2,Normal,4
Athmakuru,Cash,1,Normal,3
Athmakuru,Cash,4,Normal,4
Athmakuru,Cash,2,Normal,4
Athmakuru,Cash,2,Normal,3
Athmakuru,Cash,1,Normal,3
Athmakuru,Cash,2,Normal,4
Athmakuru,Cash,3,Normal,4
Athmakuru,Cash,2,Normal,2
Athmakuru,Cash,1,Normal,5
Athmakuru,Cash,2,Normal,4
Athmakuru,Cash,2,Normal,2
Athmakuru,Bank,0,Smart,6
Athmakuru,Bank,1,Normal,4
Athmakuru,Cash,0,Normal,2
Athmakuru,Cash,3,Normal,7
Athmakuru,Cash,3,Smart,6
Athmakuru,Cash,3,Smart,6
Athmakuru,Cash,2,Normal,5
Athmakuru,Cash,2,Normal,5
Athmakuru,Cash,4,Normal,6
Athmakuru,Cash,4,Smart,6
Athmakuru,Bank,7,Normal,7
Athmakuru,Cash,1,NO TV,4
Athmakuru,Cash,2,Smart,4
Athmakuru,Cash,1,Normal,1
Athmakuru,Cash,2,Normal,8
Athmakuru,Cash,2,Normal,4
Athmakuru,Cash,2,Smart,4
Athmakuru,Cash,1,Normal,5
Athmakuru,Cash,2,Normal,4
Athmakuru,Cash,1,Normal,3
Athmakuru,Cash,1,Normal,4
Athmakuru,Cash,2,Normal,4
Athmakuru,Cash,4,Normal,4
Athmakuru,Cash,5,Normal,5
Athmakuru,Cash,2,Normal,4
Athmakuru,Cash,4,Normal,4
Athmakuru,Cash,4,Normal,4
Athmakuru,Cash,2,Normal,2
Athmakuru,Cash,1,Normal,2
Athmakuru,Cash,2,Normal,5
Athmakuru,Cash,4,Normal,5
Athmakuru,Cash,0,NO TV,2
Athmakuru,Bank,2,Normal,5
Athmakuru,Cash,1,NO TV,4
Athmakuru,Cash,2,Normal,4
Athmakuru,Cash,2,Normal,2
Athmakuru,Cash,2,Normal,6
Athmakuru,Bank,4,Normal,4
Athmakuru,Cash,1,Normal,6
Athmakuru,Bank,4,Normal,4
Athmakuru,Cash,2,Normal,5
Athmakuru,Cash,0,NO TV,2
Athmakuru,Cash,3,Normal,4
Athmakuru,Cash,2,Normal,4
Athmakuru,Cash,2,Normal,5
Athmakuru,Cash,3,Smart,4
Athmakuru,Cash,1,Normal,6
Athmakuru,Cash,0,NO TV,2
Athmakuru,Cash,5,Smart,5
Athmakuru,Cash,1,Normal,5
Athmakuru,Cash,1,Normal,4
Athmakuru,Cash,2,Normal,6
Athmakuru,Cash,2,Normal,8
Athmakuru,Cash,1,Normal,2
Athmakuru,Cash,1,Smart,4
Athmakuru,Cash,2,Smart,4
Athmakuru,Cash,2,Normal,4
Athmakuru,Bank,4,Normal,4
Athmakuru,Cash,3,Normal,4
Athmakuru,Cash,0,Normal,2
Athmakuru,Cash,2,Normal,5
Athmakuru,Cash,1,Normal,4
Athmakuru,Cash,2,Normal,4
Athmakuru,Cash,1,Normal,5
Athmakuru,Cash,2,Normal,4
Athmakuru,Cash,1,Normal,3
Athmakuru,Cash,2,Smart,3
Athmakuru,Cash,0,NO TV,4
Athmakuru,Cash,3,Normal,4
Athmakuru,Cash,1,Normal,2
Athmakuru,Cash,2,Normal,4
Athmakuru,Bank,2,Normal,4
Athmakuru,Cash,1,Normal,3
Athmakuru,Cash,3,Normal,8
Athmakuru,Cash,2,Normal,2
Athmakuru,Cash,2,Normal,4
Athmakuru,Cash,1,NO TV,4
Athmakuru,Cash,1,Normal,4
Athmakuru,Cash,2,Normal,5
Athmakuru,Cash,4,Normal,5
Athmakuru,Cash,2,Normal,4
Athmakuru,Cash,2,Normal,6
Athmakuru,Cash,2,Normal,4
Athmakuru,Cash,2,Normal,5
Athmakuru,Bank,2,Normal,3
Athmakuru,Cash,2,NO TV,2
Athmakuru,Cash,1,Normal,4
Athmakuru,Cash,5,Normal,2
Athmakuru,Cash,2,Normal,4
Athmakuru,Cash,1,Normal,3
Athmakuru,Cash,1,Normal,4
Athmakuru,Cash,0,NO TV,2
Athmakuru,Cash,1,Normal,2
Athmakuru,Cash,3,Normal,8
Athmakuru,Bank,2,Normal,5
Athmakuru,Cash,2,Normal,4
Athmakuru,Cash,1,Normal,4
Athmakuru,Cash,2,Normal,4
Athmakuru,Bank,2,Normal,3
Athmakuru,Cash,0,Normal,2
Athmakuru,Bank,2,Normal,2
Athmakuru,Cash,1,Normal,2
Athmakuru,Cash,2,Normal,3
Athmakuru,Cash,1,Normal,4
Athmakuru,Cash,4,Smart,5
Athmakuru,Cash,3,Normal,5
Athmakuru,Cash,3,Normal,5
Athmakuru,Cash,3,Normal,3
Athmakuru,Cash,2,Normal,5
Athmakuru,Cash,1,Normal,5
Athmakuru,Bank,1,Normal,4
Athmakuru,Cash,6,Normal,10
Athmakuru,Cash,4,Normal,6
Athmakuru,Bank,1,Normal,4
Athmakuru,Bank,4,Smart,4
Athmakuru,Cash,2,Normal,3
Mellempudi,Cash,3,Normal,6
Athmakuru,Cash,1,Normal,4
Athmakuru,Cash,2,Normal,4
Athmakuru,Bank,3,Normal,4
Athmakuru,Cash,1,Normal,4
Athmakuru,Bank,4,Smart,4
Athmakuru,Cash,3,Normal,4
Athmakuru,Bank,1,NO TV,1
Athmakuru,Bank,3,Normal,8
Athmakuru,Cash,4,Normal,6
Athmakuru,Cash,2,Smart,4
Athmakuru,Cash,2,Normal,4
Athmakuru,Bank,2,Normal,5
Athmakuru,Cash,3,Normal,6
Athmakuru,Bank,6,Smart,6
Athmakuru,Cash,2,Normal,5
Athmakuru,Cash,2,Normal,3
Athmakuru,Bank,2,Normal,2
Athmakuru,Cash,2,Normal,4
Athmakuru,Cash,1,Normal,3
Athmakuru,Bank,4,Smart,4
Athmakuru,Cash,5,Normal,3
Athmakuru,Bank,2,Smart,4
Athmakuru,Cash,2,Smart,2
Athmakuru,Cash,2,Normal,4
Athmakuru,Cash,1,Normal,4
Athmakuru,Cash,3,Normal,3
Athmakuru,Cash,2,Normal,5
Athmakuru,Cash,3,Normal,5
Athmakuru,Cash,4,Smart,5
Athmakuru,Cash,1,Normal,2
Athmakuru,Bank,2,Smart,4
Athmakuru,Cash,4,Smart,5
Athmakuru,Cash,3,Normal,5
Athmakuru,Cash,1,Normal,3
Athmakuru,Cash,4,Normal,4
Athmakuru,Cash,2,Normal,5
Athmakuru,Cash,2,Normal,4
Athmakuru,Cash,0,NO TV,2
Athmakuru,Cash,4,Smart,4
Athmakuru,Cash,2,Normal,3
Athmakuru,Cash,3,Normal,5
Athmakuru,Cash,1,Normal,2
Athmakuru,Cash,2,Normal,6
Athmakuru,Cash,1,Normal,6
Athmakuru,Cash,2,Smart,4
Athmakuru,Cash,2,Smart,5
Athmakuru,Cash,1,Normal,4
Athmakuru,Cash,1,NO TV,4
Athmakuru,Bank,10,Normal,17
Athmakuru,Cash,3,Normal,4
Athmakuru,Cash,1,Normal,4
Athmakuru,Bank,2,Smart,6
Athmakuru,Cash,2,Normal,4
Athmakuru,Cash,2,Normal,5
Athmakuru,Bank,2,Smart,4
Athmakuru,Bank,2,Normal,4
Athmakuru,Bank,2,Smart,2
Athmakuru,Cash,2,Smart,4
Athmakuru,Cash,2,Smart,5
Athmakuru,Cash,1,NO TV,4
Athmakuru,Bank,10,Normal,17
Athmakuru,Cash,3,Normal,4
Athmakuru,Bank,2,Smart,6
Athmakuru,Cash,2,Normal,4
Athmakuru,Cash,1,Normal,6
Athmakuru,Cash,3,Normal,5
Athmakuru,Cash,2,Normal,5
Athmakuru,Cash,1,Normal,2
Athmakuru,Cash,1,Smart,5
Athmakuru,Cash,2,Normal,5
Athmakuru,Cash,2,Normal,9
Athmakuru,Cash,4,Normal,4
Athmakuru,Cash,4,Normal,5
Athmakuru,Cash,4,Normal,11
Athmakuru,Bank,2,Smart,5
Athmakuru,Cash,4,Normal,5
Athmakuru,Cash,4,Normal,5
Athmakuru,Cash,1,Normal,2
Athmakuru,Cash,1,Normal,2
Athmakuru,Cash,2,Normal,9
Athmakuru,Cash,2,Normal,4
Athmakuru,Cash,1,Normal,5
Athmakuru,Bank,1,Normal,2
Athmakuru,Cash,2,Normal,5
Athmakuru,Cash,2,Normal,4
Athmakuru,Cash,2,Normal,4
Athmakuru,Cash,2,Normal,4
Athmakuru,Cash,1,Normal,6
Athmakuru,Cash,2,Normal,11
Athmakuru,Cash,4,Normal,6
Athmakuru,Bank,3,Normal,3
Athmakuru,Bank,1,Normal,4
Athmakuru,Bank,4,Smart,10
Athmakuru,Cash,3,Smart,3
Athmakuru,Cash,4,Normal,4
Athmakuru,Cash,1,Normal,3
Athmakuru,Bank,6,Smart,6
Athmakuru,Cash,2,Normal,4
Athmakuru,Cash,1,Normal,3
Athmakuru,Cash,0,NO TV,2
Athmakuru,Bank,1,Smart,3
Athmakuru,Cash,2,Normal,3
Athmakuru,Cash,2,NO TV,2
Athmakuru,Cash,0,Normal,1
Athmakuru,Cash,2,Normal,2
Athmakuru,Cash,2,NO TV,2
Athmakuru,Cash,4,Smart,4
Athmakuru,Cash,3,Normal,3
Athmakuru,Cash,3,Normal,4
Athmakuru,Cash,2,Normal,5
Athmakuru,Cash,4,NO TV,4
Athmakuru,Cash,2,Normal,4
Athmakuru,Cash,1,Normal,2
Athmakuru,Cash,2,Normal,6
Athmakuru,Cash,1,Normal,4
Athmakuru,Cash,2,Normal,5
Athmakuru,Bank,4,Normal,4
Athmakuru,Cash,4,Normal,4
Athmakuru,Cash,4,Smart,4
Athmakuru,Cash,4,Smart,4
Athmakuru,Cash,2,Normal,3
Athmakuru,Cash,2,Normal,2
Athmakuru,Cash,2,Normal,6
Athmakuru,Cash,1,Normal,5
Athmakuru,Bank,2,Normal,3
Athmakuru,Bank,3,Normal,4
Athmakuru,Bank,2,Normal,4
Athmakuru,Cash,5,Normal,5
Athmakuru,Cash,3,Normal,3
Athmakuru,Cash,5,Normal,5
Athmakuru,Cash,3,Normal,4
Athmakuru,Bank,5,Smart,5
Athmakuru,Cash,2,Normal,2
Athmakuru,Cash,1,Normal,4
Athmakuru,Cash,4,Normal,4
Athmakuru,Cash,2,Normal,3
Athmakuru,Cash,3,Normal,3
Athmakuru,Cash,2,Normal,4
Athmakuru,Bank,4,Normal,5
Athmakuru,Cash,0,Normal,5
Athmakuru,Cash,2,Normal,4
Athmakuru,Cash,2,Normal,9
Athmakuru,Cash,2,Normal,2
Athmakuru,Cash,7,NO TV,7
Athmakuru,Bank,3,Smart,3
Athmakuru,Cash,1,Normal,2
Athmakuru,Bank,4,Smart,5
Athmakuru,Cash,4,Normal,4
Athmakuru,Cash,2,Normal,4
Athmakuru,Cash,1,Normal,4
Athmakuru,Cash,2,Normal,4
Athmakuru,Cash,4,Normal,4
Athmakuru,Cash,5,Normal,5
Athmakuru,Cash,2,Normal,3
Athmakuru,Cash,2,Normal,2
Athmakuru,Cash,2,Normal,2
Athmakuru,Bank,2,Smart,4
Athmakuru,Bank,2,Normal,4
Athmakuru,Bank,2,Smart,2
Athmakuru,Bank,3,Normal,4
Athmakuru,Cash,1,Normal,5
Athmakuru,Cash,1,Normal,4
Athmakuru,Cash,2,Normal,4
Athmakuru,Cash,1,Normal,4
Athmakuru,Bank,4,Smart,5
Athmakuru,Cash,2,Normal,5
Athmakuru,Bank,2,Smart,2
Athmakuru,Cash,1,Normal,2
Athmakuru,Bank,2,Normal,2
Athmakuru,Cash,3,Normal,5
Athmakuru,Cash,1,Normal,4
Athmakuru,Cash,2,Normal,5
Athmakuru,Cash,2,Normal,3
Athmakuru,Bank,2,Normal,4
Athmakuru,Cash,2,Normal,5
Athmakuru,Cash,1,Normal,4
Athmakuru,Cash,3,Normal,3
Athmakuru,Cash,3,Normal,4
Athmakuru,Bank,2,Normal,3
Athmakuru,Cash,1,Normal,4
Athmakuru,Cash,2,Normal,5
Athmakuru,Cash,1,Normal,3
Athmakuru,Cash,0,Normal,2
Athmakuru,Cash,2,Normal,3
Athmakuru,Cash,1,Normal,3
Athmakuru,Cash,4,Normal,4
Athmakuru,Cash,3,Normal,5
Athmakuru,Bank,4,Normal,5
Athmakuru,Cash,0,Normal,4
Athmakuru,Bank,3,Smart,5
Athmakuru,Bank,2,Smart,10
Athmakuru,Cash,1,Normal,4
Athmakuru,Cash,1,Normal,4
Athmakuru,Cash,1,Normal,2
Athmakuru,Cash,2,Normal,3
Athmakuru,Bank,2,Normal,2
Athmakuru,Cash,1,NO TV,3
Athmakuru,Cash,2,Smart,4
Athmakuru,Bank,2,Smart,3
Athmakuru,Cash,1,Normal,5
Athmakuru,Cash,1,Normal,3
Athmakuru,Cash,3,Normal,3
Athmakuru,Cash,1,Normal,6
Athmakuru,Bank,2,Normal,5
Athmakuru,Bank,4,Normal,4
Athmakuru,Bank,2,Normal,6
Athmakuru,Bank,1,Normal,3
Athmakuru,Cash,6,Normal,11
Athmakuru,Cash,1,Normal,2
Athmakuru,Cash,2,Normal,5
Athmakuru,Cash,2,Normal,4
Athmakuru,Cash,1,Normal,5
Athmakuru,Cash,1,Normal,4
Athmakuru,Cash,1,Normal,3
Athmakuru,Cash,4,Smart,4
Athmakuru,Cash,4,Normal,4
Athmakuru,Cash,2,Normal,7
Athmakuru,Bank,3,Normal,10
Athmakuru,Cash,1,Normal,6
Athmakuru,Cash,1,Normal,4
Athmakuru,Cash,2,Normal,3
Athmakuru,Cash,2,NO TV,3
Peddapalem,Bank,3,Normal,4
Athmakuru,Bank,2,Normal,4
Athmakuru,Bank,1,Normal,2
Athmakuru,Bank,2,Normal,5
Athmakuru,Bank,2,Normal,3
Athmakuru,Bank,2,Normal,4
Athmakuru,Cash,3,Smart,3
Athmakuru,Bank,2,Normal,3
Athmakuru,Bank,3,Smart,5
Athmakuru,Cash,1,Normal,8
Athmakuru,Cash,1,Normal,3
Athmakuru,Bank,1,NO TV,4
Athmakuru,Bank,2,Normal,4
Athmakuru,Bank,2,Normal,4
Athmakuru,Cash,2,Normal,8
Athmakuru,Cash,0,NO TV,2
Athmakuru,Cash,2,Normal,2
Athmakuru,Cash,2,Normal,6
Athmakuru,Cash,3,Normal,5
Athmakuru,Cash,2,Normal,4
Athmakuru,Bank,1,Smart,4
Athmakuru,Bank,0,Normal,2
Ippatam,Cash,2,Normal,4
Ippatam,Bank,2,Normal,4
Ippatam,Cash,2,Normal,2
Ippatam,Cash,5,Smart,8
Ippatam,Cash,1,Normal,2
Ippatam,Cash,3,Normal,3
Ippatam,Cash,1,Normal,2
Ippatam,Cash,1,Normal,4
Ippatam,Cash,2,Normal,5
Ippatam,Bank,2,Smart,2
Ippatam,Bank,0,Normal,4
Ippatam,Cash,1,Normal,5
Ippatam,Cash,0,NO TV,1
Ippatam,Cash,4,Normal,6
Ippatam,Cash,3,Smart,4
Ippatam,Cash,1,Normal,3
Ippatam,Cash,2,Normal,8
Ippatam,Cash,2,Normal,6
Ippatam,Cash,1,NO TV,2
Ippatam,Bank,2,Smart,5
Ippatam,Cash,6,Smart,6
Ippatam,Cash,3,Normal,5
Ippatam,Cash,3,Normal,4
Ippatam,Bank,0,Normal,4
Ippatam,Bank,4,Normal,7
Ippatam,Cash,2,Normal,6
Ippatam,Bank,3,Smart,4
Ippatam,Cash,1,Normal,2
Ippatam,Cash,1,Normal,1
Ippatam,Cash,1,NO TV,4
Ippatam,Bank,4,Normal,7
Ippatam,Bank,1,Normal,2
Ippatam,Cash,1,Normal,3
Ippatam,Bank,2,Smart,5
Ippatam,Cash,2,Normal,4
Ippatam,Cash,1,Normal,4
Ippatam,Cash,2,Normal,6
Ippatam,Bank,3,Normal,3
Ippatam,Cash,1,Normal,2
Ippatam,Bank,6,Smart,6
Ippatam,Cash,1,NO TV,1
Ippatam,Cash,2,Normal,4
Ippatam,Bank,2,Normal,6
Ippatam,Cash,4,Normal,5
Ippatam,Bank,3,Normal,4
Ippatam,Cash,2,Normal,5
Ippatam,Cash,2,Normal,5
Ippatam,Cash,0,NO TV,5
Ippatam,Bank,2,Smart,4
Ippatam,Cash,0,Normal,5
Ippatam,Bank,1,Smart,5
Ippatam,Bank,2,Smart,3
Ippatam,Cash,4,Normal,4
Ippatam,Cash,2,Normal,5
Ippatam,Bank,3,Normal,4
Ippatam,Cash,0,NO TV,3
Ippatam,Cash,2,Normal,3
Ippatam,Cash,1,Normal,1
Ippatam,Cash,1,Normal,3
Ippatam,Cash,3,Normal,3
Ippatam,Bank,3,Normal,4
Ippatam,Bank,2,Smart,9
Ippatam,Cash,3,Normal,3
Ippatam,Cash,4,Normal,6
Ippatam,Cash,1,Normal,2
Ippatam,Cash,1,Normal,3
Ippatam,Cash,0,Normal,2
Ippatam,Cash,0,Normal,2
Ippatam,Bank,5,Normal,5
Ippatam,Bank,2,Normal,4
Ippatam,Bank,4,Normal,4
Ippatam,Cash,2,Normal,6
Ippatam,Bank,4,Normal,6
Ippatam,Cash,2,NO TV,6
Ippatam,Bank,2,Normal,7
Ippatam,Bank,2,Normal,6
Ippatam,Bank,2,Smart,4
Ippatam,Cash,1,Normal,2
Ippatam,Cash,2,Smart,2
Ippatam,Cash,2,Normal,5
Ippatam,Bank,2,Normal,3
Ippatam,Cash,1,Normal,4
Ippatam,Cash,1,Normal,3
Ippatam,Cash,2,Smart,6
Ippatam,Bank,1,Normal,2
Ippatam,Bank,1,Normal,4
Ippatam,Bank,2,Normal,5
Ippatam,Bank,3,Normal,3
Ippatam,Bank,4,Normal,4
Ippatam,Bank,1,Normal,3
Ippatam,Bank,1,Normal,4
Ippatam,Bank,1,Normal,4
Ippatam,Bank,2,Normal,5
Ippatam,Bank,3,Normal,3
Ippatam,Bank,4,Normal,4
Ippatam,Cash,1,Normal,3
Ippatam,Bank,1,Normal,4
Ippatam,Bank,1,Normal,4
Ippatam,Cash,2,Normal,5
Ippatam,Cash,1,Normal,2
Ippatam,Cash,1,Normal,3
Ippatam,Cash,2,Normal,4
Ippatam,Bank,3,Normal,6
Ippatam,Bank,0,Normal,4
Ippatam,Bank,1,Normal,3
Ippatam,Bank,2,Normal,6
Ippatam,Cash,0,NO TV,4
Ippatam,Cash,2,Normal,3
Ippatam,Cash,0,NO TV,2
Ippatam,Bank,0,Normal,3
Ippatam,Cash,1,NO TV,3
Ippatam,Cash,4,Smart,4
Ippatam,Cash,1,Normal,3
Ippatam,Cash,1,Normal,2
Ippatam,Cash,2,Normal,6
Ippatam,Cash,2,Normal,3
Ippatam,Cash,0,NO TV,4
Ippatam,Bank,1,Normal,9
Ippatam,Bank,1,Normal,1
Ippatam,Cash,2,Normal,4
Ippatam,Cash,3,Normal,6
Ippatam,Cash,2,Normal,5
Ippatam,Bank,2,Normal,2
Ippatam,Cash,2,Normal,3
Ippatam,Cash,4,Normal,4
Ippatam,Bank,1,Normal,4
Ippatam,Cash,1,NO TV,3
Ippatam,Cash,1,Normal,3
Ippatam,Bank,4,Normal,5
Ippatam,Cash,3,Normal,5
Ippatam,Cash,6,Smart,9
Ippatam,Cash,1,NO TV,6
Ippatam,Bank,3,Smart,4
Ippatam,Cash,2,Normal,4
Ippatam,Bank,2,Normal,4
Ippatam,Bank,2,Smart,3
Ippatam,Bank,2,Normal,5
Ippatam,Cash,2,Normal,6
Ippatam,Cash,1,Normal,5
Ippatam,Cash,4,Normal,9
Ippatam,Bank,2,Normal,4
Ippatam,Cash,1,Normal,2
Ippatam,Bank,1,Normal,2
Ippatam,Cash,0,NO TV,2
Ippatam,Cash,2,Normal,3
Ippatam,Bank,3,Normal,4
Ippatam,Bank,4,Smart,4
Ippatam,Bank,2,Normal,4
Ippatam,Bank,1,Smart,5
Ippatam,Cash,0,NO TV,5
Ippatam,Cash,4,Normal,4
Ippatam,Cash,2,Normal,6
Ippatam,Cash,1,Normal,3
Ippatam,Cash,1,Normal,4
Ippatam,Cash,1,Smart,4
Ippatam,Cash,1,Normal,2
Ippatam,Cash,1,Normal,4
Ippatam,Cash,1,Normal,6
Ippatam,Cash,2,Normal,4
Ippatam,Cash,1,Normal,3
Ippatam,Bank,1,Normal,7
Ippatam,Cash,2,Normal,3
Ippatam,Cash,2,Normal,3
Ippatam,Bank,1,NO TV,3
Ippatam,Cash,0,NO TV,1
Ippatam,Cash,3,Normal,3
Ippatam,Cash,2,Normal,4
Ippatam,Cash,2,Smart,4
Ippatam,Cash,3,Normal,4
Ippatam,Cash,4,Smart,4
Ippatam,Cash,3,Normal,3
Ippatam,Cash,4,Normal,5
Ippatam,Cash,2,Normal,3
Ippatam,Bank,1,Normal,5
Ippatam,Cash,2,Normal,4
Ippatam,Cash,4,Smart,7
Ippatam,Bank,2,Normal,2
Ippatam,Cash,2,Normal,4
Ippatam,Cash,2,Normal,3
Ippatam,Cash,2,Smart,5
Ippatam,Cash,7,Smart,3
Ippatam,Bank,4,Normal,4
Ippatam,Bank,2,Normal,5
Ippatam,Bank,1,Smart,3
Ippatam,Bank,2,Smart,6
Ippatam,Cash,0,NO TV,4
Ippatam,Cash,2,Smart,5
Ippatam,Bank,1,Smart,3
Ippatam,Cash,2,Normal,5
Ippatam,Cash,2,Normal,4
Ippatam,Cash,3,Smart,3
Ippatam,Cash,2,Normal,8
Ippatam,Cash,2,Normal,7
Ippatam,Cash,2,Normal,6
Ippatam,Cash,2,Smart,5
Ippatam,Cash,2,Normal,5
Ippatam,Cash,2,Normal,3
Ippatam,Bank,0,Normal,2
Ippatam,Bank,4,Smart,4
Ippatam,Bank,4,Normal,5
Ippatam,Cash,2,Normal,5
Ippatam,Bank,2,Normal,6
Ippatam,Bank,2,Smart,5
Ippatam,Cash,2,Normal,4
Ippatam,Bank,1,Normal,1
Ippatam,Cash,2,Normal,6
Ippatam,Cash,1,NO TV,2
Ippatam,Bank,2,Normal,3
Ippatam,Bank,5,Normal,5
Ippatam,Bank,1,NO TV,2
Ippatam,Bank,3,Normal,5
Ippatam,Cash,2,Normal,5
Ippatam,Bank,2,Smart,4
Ippatam,Bank,2,Smart,5
Ippatam,Bank,2,Normal,9
Ippatam,Cash,2,Normal,6
Ippatam,Cash,2,NO TV,2
Ippatam,Cash,5,Smart,11
Ippatam,Cash,3,Normal,6
Ippatam,Bank,1,Smart,4
Ippatam,Cash,2,Smart,5
Ippatam,Cash,2,Smart,2
Ippatam,Cash,1,Smart,1
Ippatam,Cash,1,NO TV,2
Ippatam,Cash,1,Normal,4
Ippatam,Cash,2,Normal,2
Ippatam,Cash,3,Normal,4
Ippatam,Cash,2,Normal,2
Ippatam,Cash,0,Normal,3
Ippatam,Cash,2,Smart,2
Ippatam,Bank,2,Normal,4
Ippatam,Cash,3,Smart,3
Ippatam,Cash,1,Normal,2
Ippatam,Bank,3,Smart,4
Ippatam,Cash,2,Smart,4
Ippatam,Cash,2,Normal,4
Ippatam,Cash,1,Normal,2
Ippatam,Cash,2,Normal,4
Ippatam,Cash,0,NO TV,1
Ippatam,Bank,3,Smart,3
Ippatam,Cash,1,Normal,2
Ippatam,Bank,2,Normal,6
Ippatam,Bank,2,Normal,9
Ippatam,Bank,2,Normal,7
Ippatam,Cash,2,Smart,6
Ippatam,Bank,3,Normal,6
Ippatam,Cash,2,Smart,4
Ippatam,Bank,1,Normal,2
Ippatam,Cash,1,Normal,4
Ippatam,Cash,1,Normal,3
Ippatam,Cash,3,Smart,5
Ippatam,Cash,2,Normal,5
Ippatam,Cash,2,Smart,4
Ippatam,Cash,2,Normal,2
Ippatam,Cash,1,Normal,2
Ippatam,Cash,0,Normal,3
Ippatam,Cash,4,NO TV,4
Ippatam,Cash,1,Normal,3
Ippatam,Cash,4,Normal,2
Ippatam,Cash,2,Smart,3
Ippatam,Cash,2,Normal,4
Ippatam,Cash,1,NO TV,4
Ippatam,Bank,1,Smart,4
Ippatam,Bank,2,Smart,4
Ippatam,Cash,2,Normal,5
Ippatam,Cash,2,Normal,6
Ippatam,Cash,1,Normal,2
Ippatam,Cash,2,Normal,6
Ippatam,Cash,1,Normal,3
Ippatam,Cash,3,Normal,4
Ippatam,Bank,2,Normal,4
Ippatam,Bank,3,Smart,4
Gundimeda,Cash,1,Normal,2
Gundimeda,Bank,1,Smart,4
Gundimeda,Cash,1,Normal,6
Gundimeda,Cash,2,Normal,6
Gundimeda,Bank,0,Normal,5
Gundimeda,Bank,0,Normal,5
Gundimeda,Cash,2,Smart,5
Gundimeda,Cash,1,NO TV,2
Gundimeda,Cash,3,Normal,4
Gundimeda,Cash,4,Normal,8
Mellempudi,Bank,1,Normal,6
Gundimeda,Bank,0,Normal,5
Gundimeda,Cash,4,Normal,6
Gundimeda,Cash,2,Normal,5
Gundimeda,Bank,2,Smart,4
Mellempudi,Cash,2,Normal,5
Gundimeda,Bank,2,Smart,4
Gundimeda,Cash,2,Normal,4
Gundimeda,Cash,2,Normal,4
Gundimeda,Cash,2,Normal,5
Gundimeda,Bank,3,Normal,6
Mellempudi,Cash,2,Normal,4
Mellempudi,Bank,1,Normal,4
Gundimeda,Cash,3,Smart,4
Mellempudi,Bank,1,NO TV,2
Gundimeda,Bank,3,Normal,9
Gundimeda,Cash,1,Normal,6
Gundimeda,Bank,2,Normal,4
Gundimeda,Bank,2,Smart,4
Mellempudi,Cash,2,Normal,2
Mellempudi,Cash,1,Normal,10
Gundimeda,Cash,0,Normal,6
Gundimeda,Bank,0,NO TV,2
Gundimeda,Cash,2,Smart,5
Gundimeda,Cash,2,Normal,4
Gundimeda,Cash,1,Normal,4
Gundimeda,Cash,1,Normal,2
Gundimeda,Bank,2,NO TV,8
Gundimeda,Bank,2,Smart,4
Gundimeda,Bank,2,Smart,4
Mellempudi,Cash,2,Normal,2
Mellempudi,Bank,2,Normal,10
Gundimeda,Cash,1,Normal,6
Gundimeda,Cash,3,Smart,7
Gundimeda,Cash,1,Normal,4
Gundimeda,Cash,1,Normal,4
Gundimeda,Cash,2,Normal,5
Mellempudi,Cash,4,Normal,12
Gundimeda,Bank,3,Normal,10
Mellempudi,Cash,1,Normal,3
Gundimeda,Cash,1,Normal,1
Gundimeda,Bank,0,NO TV,3
Gundimeda,Cash,1,Normal,6
Gundimeda,Cash,1,Normal,4
Gundimeda,Cash,1,Normal,3
Gundimeda,Cash,1,Normal,3
Gundimeda,Bank,1,Normal,5
Mellempudi,Bank,1,Normal,5
Gundimeda,Cash,1,Normal,4
Mellempudi,Bank,2,Normal,2
Gundimeda,Cash,2,Normal,3
Gundimeda,Cash,1,NO TV,6
Gundimeda,Cash,1,Normal,5
Gundimeda,Cash,4,Normal,4
Mellempudi,Cash,4,Normal,4
Mellempudi,Cash,2,Normal,5
Gundimeda,Cash,4,Normal,6
Gundimeda,Cash,2,Normal,5
Gundimeda,Cash,3,Normal,10
Gundimeda,Bank,0,NO TV,2
Gundimeda,Bank,2,Normal,5
Gundimeda,Bank,2,Normal,6
Gundimeda,Cash,2,Normal,2
Gundimeda,Cash,1,Normal,1
Gundimeda,Cash,1,Normal,1
Gundimeda,Cash,0,NO TV,4
Mellempudi,Cash,1,Normal,2
Gundimeda,Bank,2,Normal,5
Gundimeda,Bank,2,Smart,4
Gundimeda,Bank,2,Smart,4
Gundimeda,Cash,6,Normal,8
Gundimeda,Cash,1,Normal,6
Gundimeda,Cash,2,Normal,4
Gundimeda,Cash,2,Normal,7
Gundimeda,Cash,4,Smart,4
Gundimeda,Cash,2,Normal,4
Mellempudi,Bank,3,Normal,6
Mellempudi,Bank,0,NO TV,1
Gundimeda,Cash,2,Normal,5
Gundimeda,Cash,0,NO TV,1
Gundimeda,Cash,2,NO TV,4
Gundimeda,Cash,0,NO TV,2
Gundimeda,Cash,4,Normal,5
Gundimeda,Cash,1,Normal,4
Gundimeda,Cash,1,NO TV,2
Mellempudi,Cash,1,Normal,2
Gundimeda,Cash,2,Normal,3
Gundimeda,Cash,2,Normal,3
Gundimeda,Cash,1,NO TV,4
Mellempudi,Bank,2,Normal,4
Gundimeda,Cash,1,Normal,4
Gundimeda,Cash,1,Normal,3
Gundimeda,Cash,2,Normal,4
Gundimeda,Cash,2,Normal,4
Gundimeda,Cash,1,Normal,1
Gundimeda,Cash,2,NO TV,6
Mellempudi,Cash,1,Smart,2
Mellempudi,Cash,1,Normal,3
Gundimeda,Cash,2,Normal,7
Mellempudi,Cash,4,Normal,5
Gundimeda,Cash,2,Smart,4
Gundimeda,Cash,1,Normal,4
Gundimeda,Cash,2,Normal,10
Gundimeda,Cash,1,Normal,4
Gundimeda,Cash,1,Normal,2
Gundimeda,Bank,2,Normal,10
Gundimeda,Cash,1,Normal,2
Mellempudi,Bank,3,Normal,5
Mellempudi,Cash,2,Smart,6
Gundimeda,Cash,2,Normal,2
Gundimeda,Cash,6,Smart,10
Gundimeda,Cash,1,Normal,2
Gundimeda,Cash,2,Normal,4
Gundimeda,Cash,1,Normal,4
Gundimeda,Cash,3,Normal,3
Gundimeda,Cash,5,Smart,7
Mellempudi,Cash,2,Smart,5
Gundimeda,Cash,1,Normal,2
Gundimeda,Cash,4,Smart,7
Mellempudi,Bank,1,NO TV,2
Mellempudi,Bank,2,Normal,5
Mellempudi,Cash,0,NO TV,1
Gundimeda,Cash,1,NO TV,2
Gundimeda,Cash,1,Smart,2
Gundimeda,Cash,0,NO TV,1
Gundimeda,Cash,6,Normal,6
Gundimeda,Cash,3,Normal,4
Gundimeda,Cash,4,Normal,6
Gundimeda,Cash,1,Smart,3
Gundimeda,Cash,0,NO TV,2
Mellempudi,Cash,2,Normal,6
Gundimeda,Cash,2,Normal,5
Gundimeda,Bank,3,Normal,3
Gundimeda,Cash,2,Smart,4
Gundimeda,Bank,3,Normal,3
Gundimeda,Cash,2,Smart,2
Gundimeda,Cash,1,Normal,6
Gundimeda,Cash,4,Normal,8
Gundimeda,Cash,2,Normal,4
Gundimeda,Cash,1,Normal,4
Gundimeda,Cash,1,NO TV,6
Gundimeda,Cash,2,Normal,5
Gundimeda,Cash,2,Normal,4
Gundimeda,Cash,2,Smart,3
Gundimeda,Cash,3,Smart,4
Gundimeda,Cash,2,Normal,3
Mellempudi,Cash,3,Normal,3
Gundimeda,Cash,4,Normal,4
Gundimeda,Cash,1,Normal,4
Gundimeda,Cash,5,Normal,5
Mellempudi,Cash,2,Normal,3
Gundimeda,Cash,2,Normal,5
Gundimeda,Bank,2,NO TV,2
Gundimeda,Cash,2,Normal,4
Mellempudi,Cash,2,Normal,5
Mellempudi,Cash,2,Normal,2
Mellempudi,Cash,1,Normal,4
Mellempudi,Cash,2,Normal,3
Mellempudi,Cash,1,Normal,4
Gundimeda,Bank,2,Normal,3
Gundimeda,Bank,3,Normal,5
Gundimeda,Bank,3,Normal,6
Gundimeda,Cash,1,Normal,4
Gundimeda,Bank,2,Normal,4
Gundimeda,Cash,4,Normal,5
Gundimeda,Bank,2,Normal,4
Gundimeda,Cash,1,Normal,4
Gundimeda,Cash,1,Normal,2
Gundimeda,Cash,2,Normal,8
Gundimeda,Cash,4,Normal,5
Gundimeda,Cash,2,Normal,4
Gundimeda,Cash,3,Normal,6
Gundimeda,Cash,2,Normal,8
Gundimeda,Cash,2,Normal,3
Gundimeda,Cash,1,Normal,4
Gundimeda,Cash,3,Normal,6
Gundimeda,Cash,2,Normal,3
Gundimeda,Cash,0,NO TV,2
Gundimeda,Cash,1,Normal,4
Gundimeda,Cash,1,Normal,4
Gundimeda,Cash,1,Normal,4
Gundimeda,Cash,0,NO TV,2
Gundimeda,Cash,2,Normal,6
Gundimeda,Cash,1,Normal,4
Gundimeda,Cash,2,Normal,7
Gundimeda,Cash,1,Normal,4
Gundimeda,Cash,2,Normal,6
Gundimeda,Cash,2,Normal,7
Gundimeda,Bank,0,Normal,3
Gundimeda,Cash,0,Normal,2
Gundimeda,Cash,0,Normal,4
Gundimeda,Cash,0,Normal,5
Gundimeda,Cash,0,Normal,4
Gundimeda,Cash,1,Normal,3
Gundimeda,Cash,0,Normal,2
Gundimeda,Bank,1,Normal,2
Gundimeda,Cash,1,Normal,2
Gundimeda,Cash,5,Normal,6
Gundimeda,Cash,3,NO TV,3
Gundimeda,Cash,2,Normal,4
Gundimeda,Cash,2,Normal,2
Gundimeda,Cash,4,Normal,4
Gundimeda,Cash,2,Normal,8
Gundimeda,Cash,3,Normal,6
Gundimeda,Cash,2,Normal,3
Gundimeda,Cash,1,Normal,4
Gundimeda,Cash,0,NO TV,2
Gundimeda,Cash,1,Normal,4
Gundimeda,Cash,1,Normal,3
Gundimeda,Cash,2,Normal,6
Gundimeda,Cash,2,Normal,7
Gundimeda,Cash,3,Normal,7
Gundimeda,Cash,1,Normal,2
Gundimeda,Bank,1,NO TV,1
Gundimeda,Cash,2,Normal,7
Gundimeda,Cash,1,NO TV,3
Mellempudi,Cash,4,Normal,12
Mellempudi,Cash,2,Normal,4
Mellempudi,Cash,2,Normal,5
Mellempudi,Bank,2,Smart,2
Mellempudi,Cash,3,Smart,3
Vaddeswaram,Bank,2,Smart,5
Mellempudi,Cash,1,Normal,2
Mellempudi,Cash,2,Normal,4
Mellempudi,Cash,1,Normal,10
Mellempudi,Cash,4,Normal,5
Mellempudi,Cash,1,NO TV,2
Mellempudi,Cash,2,NO TV,4
Mellempudi,Cash,0,NO TV,4
Mellempudi,Cash,2,Normal,4
Mellempudi,Bank,2,Normal,4
Mellempudi,Cash,0,Normal,2
Mellempudi,Cash,2,Smart,3
Mellempudi,Cash,2,Smart,3
Mellempudi,Cash,3,Smart,4
Mellempudi,Cash,2,Normal,4
Mellempudi,Cash,2,Normal,7
Mellempudi,Cash,3,Normal,5
Mellempudi,Bank,1,Normal,2
Mellempudi,Bank,2,NO TV,4
Mellempudi,Cash,3,Smart,4
Mellempudi,Bank,1,Normal,4
Mellempudi,Cash,6,Smart,11
Mellempudi,Cash,2,Normal,6
Mellempudi,Cash,2,Normal,8
Mellempudi,Cash,0,NO TV,4
Mellempudi,Cash,2,Normal,4
Mellempudi,Bank,4,Smart,4
Mellempudi,Cash,2,Normal,5
Gundimeda,Bank,2,Normal,4
Gundimeda,Cash,2,Normal,4
Gundimeda,Cash,1,Normal,4
Gundimeda,Cash,1,Normal,4
Gundimeda,Cash,2,Smart,4
Gundimeda,Bank,2,Normal,4
Gundimeda,Bank,3,Smart,6
Gundimeda,Cash,1,NO TV,3
Gundimeda,Cash,1,Normal,7
Gundimeda,Cash,0,Normal,5
Gundimeda,Cash,1,NO TV,3
Gundimeda,Cash,2,Smart,4
Peddapalem,Cash,2,Smart,4
Peddapalem,Cash,1,Normal,3
Gundimeda,Cash,2,Normal,6
Gundimeda,Cash,3,Normal,6
Gundimeda,Cash,0,Normal,1
Gundimeda,Bank,2,Normal,4
Gundimeda,Bank,0,NO TV,1
Gundimeda,Bank,1,Normal,2
Gundimeda,Cash,4,Normal,2
Gundimeda,Cash,1,Normal,4
Gundimeda,Cash,5,Normal,5
Gundimeda,Cash,0,Normal,4
Gundimeda,Cash,0,Normal,2
Gundimeda,Bank,1,,4
Gundimeda,Cash,0,Normal,5
Gundimeda,Cash,0,Normal,4
Gundimeda,Cash,0,Normal,1
Gundimeda,Cash,2,Smart,6
Gundimeda,Cash,2,Normal,6
Gundimeda,Cash,2,Normal,4
Gundimeda,Cash,2,Normal,5
Gundimeda,Cash,3,Smart,6
Mellempudi,Bank,4,Normal,5
Mellempudi,Cash,1,NO TV,4
Mellempudi,Cash,1,NO TV,4
Mellempudi,Cash,1,Normal,4
Mellempudi,Cash,0,Normal,3
Gundimeda,Cash,3,NO TV,10
Vaddeswaram,Cash,3,Normal,4
Seetanagaram,Bank,4,Smart,4
Vaddeswaram,Cash,6,Smart,10
Gundimeda,Cash,2,Normal,2
Seetanagaram,Cash,2,Normal,5
Peddapalem,Cash,4,Smart,4
Peddapalem,Bank,4,Smart,4
Peddapalem,Cash,1,Normal,4
Peddapalem,Bank,4,Normal,4
Nuthakki,Cash,3,Smart,3
Vaddeswaram,Bank,2,Normal,2
Peddapalem,Cash,3,Smart,7
Peddapalem,Cash,1,Normal,2
Peddapalem,Cash,2,Normal,3
Peddapalem,Cash,4,Normal,4
Peddapalem,Cash,2,NO TV,2
Peddapalem,Bank,0,NO TV,3
Peddapalem,Bank,2,Normal,2
Peddapalem,Cash,1,Normal,4
Peddapalem,Cash,2,Normal,3
Peddapalem,Cash,1,Normal,2
Peddapalem,Cash,1,Normal,1
Peddapalem,Bank,1,Normal,3
Peddapalem,Cash,1,Normal,2
Peddapalem,Cash,1,NO TV,5
Peddapalem,Bank,1,Normal,5
Peddapalem,Bank,1,Normal,5
Peddapalem,Cash,1,Normal,2
Peddapalem,Cash,1,Normal,1
Peddapalem,Cash,1,Normal,1
Peddapalem,Cash,3,Normal,4
Peddapalem,Cash,2,Normal,3
Peddapalem,Cash,3,Normal,5
Peddapalem,Cash,6,Normal,6
Peddapalem,Bank,2,Normal,2
Peddapalem,Bank,1,Normal,2
Peddapalem,Cash,2,Normal,5
Peddapalem,Cash,1,Normal,6
Chirravuru,Cash,4,Smart,5
Peddapalem,Cash,1,Normal,2
Peddapalem,Cash,4,Smart,4
Peddapalem,Cash,0,Normal,2
Peddapalem,Cash,1,Normal,5
Peddapalem,Bank,2,Smart,4
Peddapalem,Cash,1,Normal,4
Peddapalem,Cash,1,Normal,4
Peddapalem,Cash,1,Normal,5
Peddapalem,Cash,1,Normal,5
Peddapalem,Cash,1,Normal,1
Peddapalem,Cash,2,Normal,4
Peddapalem,Cash,1,Smart,3
Peddapalem,Bank,2,Normal,5
Peddapalem,Bank,1,Normal,5
Peddapalem,Bank,2,Normal,5
Chinnapalem,Bank,1,Smart,2
Peddapalem,Cash,0,NO TV,1
Peddapalem,Cash,4,Smart,4
Peddapalem,Cash,1,Smart,4
Peddapalem,Cash,1,Normal,7
Peddapalem,Cash,3,Smart,3
Peddapalem,Cash,2,Normal,3
Peddapalem,Cash,2,Normal,3
Peddapalem,Cash,2,Normal,3
Peddapalem,Cash,0,Normal,1
Peddapalem,Bank,1,Normal,4
Peddapalem,Cash,2,Normal,5
Chinnapalem,Cash,0,Normal,1
Peddapalem,Cash,3,Smart,7
Chinnapalem,Cash,1,NO TV,4
Peddapalem,Cash,2,Normal,6
Chinnapalem,Cash,1,Smart,2
Chinnapalem,Bank,1,Normal,2
Chinnapalem,Cash,1,Normal,1
Peddapalem,Cash,1,NO TV,6
Peddapalem,Bank,0,NO TV,1
Peddapalem,Cash,1,Normal,5
Peddapalem,Cash,1,Normal,1
Peddapalem,Bank,3,Normal,4
Chinnapalem,Bank,2,Smart,4
Chinnapalem,Cash,2,NO TV,6
Peddapalem,Cash,1,Normal,4
Chinnapalem,Cash,0,NO TV,6
Peddapalem,Cash,6,Normal,7
Chinnapalem,Cash,1,NO TV,4
Peddapalem,Cash,2,Normal,5
Peddapalem,Cash,2,Smart,4
Peddapalem,Cash,3,Smart,7
Peddapalem,Cash,1,Normal,4
Chinnapalem,Cash,1,Normal,4
Chinnapalem,Cash,3,Normal,4
Chinnapalem,Cash,1,NO TV,4
Peddapalem,Cash,2,Normal,2
Peddapalem,Cash,3,Smart,7
Chinnapalem,Cash,2,Normal,2
Peddapalem,Cash,1,Normal,3
Peddapalem,Cash,1,NO TV,4
Chinnapalem,Cash,1,Normal,4
Peddapalem,Cash,1,NO TV,1
Peddapalem,Cash,1,Normal,1
Peddapalem,Cash,5,Normal,5
Peddapalem,Cash,3,Smart,7
Peddapalem,Cash,1,NO TV,3
Peddapalem,Cash,1,NO TV,3
Peddapalem,Cash,1,Normal,6
Peddapalem,Cash,1,Normal,4
Chinnapalem,Cash,1,Normal,3
Peddapalem,Cash,1,Normal,4
Chinnapalem,Cash,3,Normal,6
Chinnapalem,Cash,1,Smart,2
Peddapalem,Cash,0,Normal,6
Peddapalem,Cash,1,Normal,6
Peddapalem,Cash,1,NO TV,5
Chinnapalem,Cash,1,Normal,3
Peddapalem,Cash,2,NO TV,10
Chinnapalem,Cash,1,Normal,4
Peddapalem,Cash,0,NO TV,4
Peddapalem,Cash,0,NO TV,5
Chinnapalem,Cash,4,Normal,14
Peddapalem,Cash,2,Normal,8
Chinnapalem,Bank,0,NO TV,3
Chinnapalem,Cash,1,Normal,3
Chinnapalem,Cash,2,Normal,2
Peddapalem,Cash,2,NO TV,4
Peddapalem,Cash,1,Normal,4
Peddapalem,Cash,2,Normal,4
Peddapalem,Bank,2,Normal,4
Chinnapalem,Cash,2,Normal,4
Chinnapalem,Cash,1,NO TV,2
Chinnapalem,Cash,1,Normal,4
Chinnapalem,Cash,2,Normal,4
Peddapalem,Cash,0,Normal,6
Peddapalem,Bank,0,NO TV,1
Peddapalem,Bank,1,Normal,3
Peddapalem,Cash,2,NO TV,4
Peddapalem,Cash,1,NO TV,3
Peddapalem,Cash,1,Normal,5
Peddapalem,Cash,1,Normal,5
Peddapalem,Cash,1,NO TV,3
Peddapalem,Cash,0,Normal,3
Peddapalem,Cash,1,Normal,6
Chinnapalem,Cash,1,Normal,2
Peddapalem,Cash,2,Smart,5
Peddapalem,Cash,4,Normal,4
Peddapalem,Cash,3,Normal,4
Peddapalem,Cash,2,Normal,6
Peddapalem,Cash,1,Normal,4
Peddapalem,Cash,1,Normal,7
Peddapalem,Cash,1,Normal,5
Peddapalem,Cash,1,Normal,4
Chinnapalem,Cash,0,NO TV,1
Peddapalem,Cash,1,Normal,5
Chinnapalem,Cash,2,NO TV,6
Chinnapalem,Bank,2,Normal,2
Chinnapalem,Cash,1,NO TV,4
Peddapalem,Cash,1,Normal,4
Chinnapalem,Cash,0,NO TV,1
Peddapalem,Cash,1,Normal,5
Chinnapalem,Cash,4,Normal,4
Peddapalem,Cash,2,NO TV,3
Peddapalem,Cash,1,Normal,5
Peddapalem,Cash,2,NO TV,3
Peddapalem,Cash,2,NO TV,2
Peddapalem,Bank,1,NO TV,3
Peddapalem,Cash,2,NO TV,3
Peddapalem,Cash,1,Normal,3
Chinnapalem,Bank,3,Normal,6
Chinnapalem,Cash,3,Normal,3
Chinnapalem,Cash,2,Normal,6
Peddapalem,Cash,3,Normal,3
Peddapalem,Cash,1,NO TV,6
Chinnapalem,Bank,1,Normal,4
Peddapalem,Cash,2,Normal,2
Peddapalem,Cash,3,Normal,4
Peddapalem,Cash,1,Normal,6
Peddapalem,Cash,0,NO TV,6
Chinnapalem,Cash,1,Normal,2
Peddapalem,Cash,1,Normal,1
Peddapalem,Cash,0,NO TV,1
Peddapalem,Cash,2,Normal,4
Peddapalem,Cash,1,Normal,6
Peddapalem,Bank,0,Normal,1
Chinnapalem,Cash,2,Normal,4
Chinnapalem,Cash,1,Normal,1
Peddapalem,Cash,1,Normal,5
Peddapalem,Cash,1,Normal,4
Chirravuru,Cash,1,Normal,3
Peddapalem,Cash,1,NO TV,4
Chinnapalem,Cash,2,Normal,5
Peddapalem,Cash,0,Normal,2
Chinnapalem,Cash,1,Normal,3
Chirravuru,Cash,6,Normal,6
Chinnapalem,Cash,2,Smart,3
Chinnapalem,Cash,1,Normal,2
Chinnapalem,Cash,1,Normal,2
Chirravuru,Cash,2,Normal,3
Peddapalem,Cash,3,Normal,4
Chinnapalem,Cash,0,NO TV,1
Peddapalem,Cash,2,Normal,6
Peddapalem,Cash,2,Normal,6
Peddapalem,Cash,0,NO TV,1
Chinnapalem,Cash,0,NO TV,1
Chinnapalem,Cash,0,NO TV,1
Chirravuru,Cash,2,Normal,4
Peddapalem,Cash,0,Normal,4
Peddapalem,Cash,0,NO TV,1
Peddapalem,Cash,4,Normal,3
Peddapalem,Cash,2,NO TV,2
Peddapalem,Cash,2,Normal,2
Chinnapalem,Bank,2,Normal,5
Chirravuru,Cash,3,Normal,3
Peddapalem,Cash,2,Normal,5
Peddapalem,Cash,1,Normal,6
Chinnapalem,Cash,2,Normal,6
Chinnapalem,Bank,2,Smart,3
Chinnapalem,Cash,1,Normal,3
Chinnapalem,Bank,2,Smart,3
Chirravuru,Cash,1,Normal,3
Peddapalem,Cash,1,Normal,4
Chinnapalem,Cash,3,Normal,5
Peddapalem,Cash,0,NO TV,4
Peddapalem,Cash,2,Normal,5
Peddapalem,Cash,0,NO TV,4
Peddapalem,Cash,0,NO TV,4
Chirravuru,Cash,1,Normal,3
Peddapalem,Cash,0,NO TV,4
Chinnapalem,Cash,1,Normal,4
Chirravuru,Cash,5,Normal,5
Peddapalem,Cash,2,Normal,6
Chinnapalem,Cash,1,NO TV,5
Peddapalem,Cash,0,Normal,2
Chirravuru,Cash,8,Smart,8
Chirravuru,Cash,2,NO TV,2
Peddapalem,Bank,4,Normal,6
Chirravuru,Cash,1,Normal,6
Chirravuru,Cash,2,Normal,4
Chirravuru,Bank,3,Normal,3
Chirravuru,Bank,2,Normal,5
Chinnapalem,Cash,2,Normal,5
Chinnapalem,Bank,3,Normal,5
Peddapalem,Cash,1,Normal,3
Chinnapalem,Bank,2,Smart,4
Chirravuru,Cash,2,NO TV,3
Kunchenapalli,Cash,2,Normal,5
Peddapalem,Cash,0,NO TV,6
Chinnapalem,Cash,1,Normal,6
Chinnapalem,Cash,2,Smart,6
Peddapalem,Cash,1,Normal,2
Peddapalem,Bank,0,NO TV,12
Peddapalem,Bank,1,Normal,2
Vaddeswaram,Cash,1,Smart,2
Chinnapalem,Bank,2,Normal,2
Chinnapalem,Cash,1,Normal,1
Chinnapalem,Cash,1,Normal,6
Kunchenapalli,Cash,0,Normal,5
Chinnapalem,Bank,4,Normal,4
Peddapalem,Cash,1,NO TV,7
Chinnapalem,Bank,2,Normal,3
Chinnapalem,Bank,1,Normal,1
Chinnapalem,Cash,1,Normal,3
Chirravuru,Cash,0,Normal,4
Chinnapalem,Bank,2,Normal,2
Chirravuru,Cash,3,Normal,4
Chirravuru,Cash,2,Normal,3
Peddapalem,Bank,4,Smart,4
Chinnapalem,Cash,3,Normal,6
Chirravuru,Cash,3,Normal,5
Peddapalem,Cash,3,Normal,4
Chinnapalem,Cash,1,NO TV,5
Chirravuru,Cash,2,Normal,4
Chirravuru,Cash,1,NO TV,2
Kunchenapalli,Cash,1,Normal,4
Chinnapalem,Cash,1,NO TV,4
Chinnapalem,Cash,2,Normal,4
Chinnapalem,Cash,3,Normal,4
Kunchenapalli,Cash,2,Normal,3
Chinnapalem,Cash,0,NO TV,1
Chinnapalem,Cash,1,Normal,2
Chinnapalem,Cash,0,Normal,2
Chinnapalem,Cash,1,Normal,4
Chinnapalem,Cash,1,Normal,4
Peddapalem,Cash,1,Normal,4
Chirravuru,Cash,2,Normal,6
Chinnapalem,Bank,1,Smart,6
Peddapalem,Cash,1,Smart,2
Peddapalem,Cash,1,NO TV,1
Chinnapalem,Cash,2,Normal,5
Chinnapalem,Cash,1,Normal,3
Chinnapalem,Cash,2,Normal,7
Chinnapalem,Cash,2,Normal,6
Peddapalem,Bank,4,Smart,4
Chinnapalem,Bank,0,Normal,2
Kunchenapalli,Cash,3,Normal,6
Chinnapalem,Cash,2,Normal,4
Kunchenapalli,Cash,0,Normal,2
Chinnapalem,Bank,1,Normal,2
Chinnapalem,Cash,1,Normal,6
Kunchenapalli,Cash,2,Normal,4
Chinnapalem,Cash,1,NO TV,9
Chinnapalem,Cash,2,Normal,4
Chinnapalem,Cash,1,Normal,2
Chinnapalem,Cash,3,Normal,4
Chinnapalem,Cash,1,NO TV,1
Chinnapalem,Cash,6,Smart,9
Chinnapalem,Cash,4,Normal,5
Chinnapalem,Cash,1,Normal,4
Chinnapalem,Bank,1,Normal,2
Chinnapalem,Cash,1,Normal,2
Chinnapalem,Bank,4,Normal,5
Chinnapalem,Cash,3,Normal,4
Chinnapalem,Cash,1,NO TV,2
Chinnapalem,Cash,0,Normal,2
Chinnapalem,Cash,1,Normal,3
Chinnapalem,Cash,1,Normal,4
Chinnapalem,Bank,2,Normal,4
Chinnapalem,Cash,1,Normal,4
Chinnapalem,Cash,1,Normal,2
Chinnapalem,Cash,2,NO TV,3
Chinnapalem,Bank,2,Normal,4
Chirravuru,Cash,2,Normal,4
Chirravuru,Bank,1,Normal,2
Chirravuru,Cash,5,Smart,5
Kunchenapalli,Cash,1,Normal,3
Chirravuru,Cash,3,Normal,4
Chinnapalem,Bank,1,Normal,2
Chinnapalem,Bank,4,Normal,5
Kunchenapalli,Bank,1,Normal,5
Chinnapalem,Cash,4,Normal,5
Chirravuru,Cash,3,Normal,3
Chinnapalem,Cash,1,NO TV,2
Chinnapalem,Cash,4,Normal,4
Kunchenapalli,Cash,0,NO TV,2
Chinnapalem,Cash,7,NO TV,9
Chirravuru,Cash,1,Normal,3
Chirravuru,Bank,4,Normal,4
Peddapalem,Cash,0,Normal,3
Chirravuru,Cash,1,Smart,4
Chinnapalem,Cash,4,Normal,4
Kunchenapalli,Cash,2,Normal,4
Chinnapalem,Cash,4,Smart,4
Chinnapalem,Cash,4,Normal,4
Chinnapalem,Cash,1,NO TV,1
Peddapalem,Cash,1,Normal,5
Peddapalem,Cash,2,Normal,5
Kunchenapalli,Cash,2,Normal,4
Chirravuru,Cash,6,Normal,10
Peddapalem,Cash,1,NO TV,2
Peddapalem,Cash,1,Normal,3
Peddapalem,Cash,0,NO TV,1
Chirravuru,Cash,4,Normal,9
Peddapalem,Cash,2,Normal,5
Peddapalem,Cash,2,Normal,4
Peddapalem,Cash,1,Normal,5
Peddapalem,Cash,1,Normal,4
Peddapalem,Cash,0,Normal,2
Kunchenapalli,Cash,1,Smart,1
Chirravuru,Cash,2,Smart,10
Kunchenapalli,Cash,1,Normal,4
Chinnapalem,Cash,3,Smart,3
Chinnapalem,Cash,2,NO TV,6
Chinnapalem,Cash,4,Normal,4
Chinnapalem,Cash,3,Normal,5
Chirravuru,Cash,2,Normal,4
Kunchenapalli,Bank,1,Normal,3
Kunchenapalli,Bank,1,Smart,3
Vaddeswaram,Bank,1,Normal,3
Kunchenapalli,Bank,1,Normal,4
Chinnapalem,Bank,2,Normal,4
Kunchenapalli,Cash,2,Normal,4
Chirravuru,Bank,1,Normal,3
Peddapalem,Cash,2,Normal,4
Peddapalem,Cash,2,Normal,4
Chirravuru,Cash,2,Normal,4
Peddapalem,Cash,1,Normal,4
Chirravuru,Cash,0,Normal,3
Chinnapalem,Cash,1,Normal,2
Kunchenapalli,Bank,1,NO TV,2
Peddapalem,Cash,2,Normal,5
Peddapalem,Cash,2,Normal,3
Chinnapalem,Cash,1,Normal,4
Chirravuru,Bank,2,Normal,6
Peddapalem,Cash,2,Normal,4
Peddapalem,Cash,0,NO TV,2
Peddapalem,Cash,0,Normal,1
Peddapalem,Cash,4,Normal,4
Peddapalem,Cash,2,NO TV,5
Chinnapalem,Bank,2,Smart,4
Peddapalem,Cash,2,NO TV,4
Peddapalem,Cash,1,Normal,2
Chirravuru,Cash,2,Normal,6
Chirravuru,Bank,3,Normal,14
Chirravuru,Cash,2,Normal,6
Peddapalem,Cash,3,Normal,3
Peddapalem,Cash,3,Normal,4
Peddapalem,Cash,2,Normal,4
Peddapalem,Cash,3,Normal,11
Peddapalem,Cash,0,Normal,5
Peddapalem,Cash,2,Smart,3
Peddapalem,Cash,2,Normal,5
Peddapalem,Cash,1,Normal,6
Chinnapalem,Cash,1,Normal,4
Chinnapalem,Cash,0,Normal,4
Chinnapalem,Cash,1,Normal,4
Chinnapalem,Cash,3,NO TV,4
Kunchenapalli,Cash,2,Normal,7
Peddapalem,Cash,1,Normal,4
Kunchenapalli,Cash,1,Normal,2
Kunchenapalli,Cash,0,Normal,1
Kunchenapalli,Cash,1,Normal,3
Peddapalem,Cash,3,Normal,4
Chirravuru,Cash,0,Normal,5
Peddapalem,Cash,1,Normal,3
Chirravuru,Cash,1,Normal,3
Chirravuru,Cash,1,Normal,4
Chirravuru,Cash,1,NO TV,7
Chirravuru,Cash,1,Normal,6
Chirravuru,Cash,1,Normal,4
Kunchenapalli,Bank,2,Normal,3
Kunchenapalli,Bank,1,Normal,6
Chirravuru,Cash,8,Normal,12
Chirravuru,Bank,5,Normal,7
Chinnapalem,Cash,1,NO TV,4
Chinnapalem,Bank,1,NO TV,4
Chirravuru,Cash,2,Normal,5
Chirravuru,Cash,3,Normal,7
Chirravuru,Bank,1,NO TV,6
Chirravuru,Cash,0,Normal,2
Chirravuru,Cash,0,Normal,2
Chinnapalem,Cash,2,Normal,3
Chinnapalem,Cash,1,NO TV,4
Chinnapalem,Cash,2,NO TV,6
Chinnapalem,Cash,2,Normal,5
Chinnapalem,Cash,2,Smart,2
Chinnapalem,Bank,1,Normal,3
Kunchenapalli,Cash,1,Normal,4
Kunchenapalli,Cash,1,Normal,3
Vaddeswaram,Cash,1,Normal,4
Chirravuru,Cash,1,NO TV,4
Peddapalem,Cash,1,Normal,3
Peddapalem,Cash,0,NO TV,2
Peddapalem,Cash,2,Normal,5
Peddapalem,Cash,1,NO TV,4
Peddapalem,Cash,0,NO TV,1
Peddapalem,Bank,0,NO TV,3
Chinnapalem,Cash,5,NO TV,10
Chirravuru,Cash,4,Normal,4
Chinnapalem,Bank,1,NO TV,3
Chinnapalem,Bank,2,Normal,5
Chinnapalem,Bank,1,NO TV,4
Chinnapalem,Cash,1,Normal,4
Chinnapalem,Bank,1,Normal,5
Chinnapalem,Bank,1,NO TV,5
Chinnapalem,Bank,1,NO TV,3
Chinnapalem,Bank,1,NO TV,4
Chinnapalem,Bank,1,NO TV,4
Chinnapalem,Cash,1,Normal,4
Chinnapalem,Bank,1,Normal,5
Chirravuru,Bank,5,Normal,5
Chinnapalem,Bank,2,Normal,3
Peddapalem,Cash,2,Normal,6
Peddapalem,Cash,3,Normal,4
Kunchenapalli,Bank,4,Smart,14
Chirravuru,Cash,1,NO TV,2
Chirravuru,Bank,3,Normal,4
Peddapalem,Cash,1,Smart,6
Chirravuru,Cash,2,Normal,3
Chirravuru,Cash,1,Normal,3
Chirravuru,Cash,1,Normal,3
Chirravuru,Cash,2,Smart,3
Kunchenapalli,Bank,3,Normal,4
Kunchenapalli,Cash,4,Normal,4
Chinnapalem,Cash,2,NO TV,2
Peddapalem,Cash,0,NO TV,2
Chinnapalem,Cash,2,Normal,3
Chinnapalem,Cash,1,NO TV,5
Chinnapalem,Cash,2,Normal,6
Kolanukonda,Cash,0,Normal,4
Chinnapalem,Cash,2,Normal,4
Chirravuru,Cash,2,Normal,6
Chinnapalem,Cash,1,Normal,2
Chirravuru,Cash,1,Normal,4
Peddapalem,Cash,0,NO TV,1
Kunchenapalli,Cash,0,NO TV,4
Chinnapalem,Cash,3,Normal,5
Kunchenapalli,Cash,3,Normal,3
Chinnapalem,Cash,1,Normal,5
Chinnapalem,Cash,1,Normal,3
Kunchenapalli,Cash,3,Normal,6
Chirravuru,Cash,1,NO TV,2
Chinnapalem,Cash,2,Smart,4
Chirravuru,Cash,2,Normal,4
Chinnapalem,Cash,0,NO TV,6
Chirravuru,Cash,1,NO TV,2
Chinnapalem,Cash,1,Normal,4
Chirravuru,Cash,4,Normal,5
Kunchenapalli,Bank,1,Normal,3
Chirravuru,Cash,0,Normal,4
Chirravuru,Cash,1,Normal,3
Chirravuru,Cash,1,Smart,5
Kunchenapalli,Cash,3,Normal,4
Chirravuru,Cash,2,Normal,6
Chirravuru,Cash,2,NO TV,2
Chirravuru,Cash,2,Normal,6
Chirravuru,Cash,2,Smart,4
Chirravuru,Cash,1,NO TV,3
Chirravuru,Cash,1,Normal,6
Chirravuru,Cash,1,Normal,3
Chirravuru,Cash,1,Normal,5
Chirravuru,Cash,4,Normal,6
Chirravuru,Cash,2,Normal,6
Chirravuru,Cash,1,NO TV,3
Chirravuru,Cash,1,Normal,6
Chirravuru,Cash,1,Normal,5
Chinnapalem,Cash,2,Smart,4
Chirravuru,Cash,1,Normal,4
Chirravuru,Cash,2,NO TV,2
Chirravuru,Cash,2,Normal,6
Chirravuru,Cash,4,Normal,6
Chirravuru,Cash,1,NO TV,4
Chirravuru,Cash,1,Normal,6
Chirravuru,Cash,1,Normal,4
Chirravuru,Cash,1,Normal,5
Chirravuru,Cash,1,Smart,6
Chirravuru,Cash,0,Normal,3
Peddapalem,Bank,2,Smart,5
Chirravuru,Cash,2,Normal,3
Peddapalem,Cash,0,NO TV,2
Chirravuru,Cash,1,Normal,2
Chinnapalem,Cash,1,Normal,5
Chinnapalem,Cash,2,Normal,6
Chinnapalem,Cash,2,Normal,6
Chinnapalem,Cash,1,Normal,2
Chinnapalem,Cash,1,NO TV,2
Chinnapalem,Cash,1,Normal,4
Chinnapalem,Cash,2,Normal,3
Chirravuru,Cash,2,Normal,3
Chirravuru,Cash,4,Smart,6
Chirravuru,Cash,1,NO TV,1
Chirravuru,Cash,0,Normal,2
Kunchenapalli,Cash,3,Normal,5
Kolanukonda,Cash,1,Normal,4
Kunchenapalli,Cash,0,NO TV,2
Kunchenapalli,Cash,2,Normal,5
Kunchenapalli,Cash,3,Normal,6
Kunchenapalli,Cash,0,NO TV,2
Chirravuru,Cash,2,Normal,3
Chirravuru,Cash,2,Normal,3
Chirravuru,Cash,2,Normal,4
Chirravuru,Bank,3,Normal,3
Peddapalem,Cash,0,NO TV,3
Peddapalem,Cash,2,Smart,4
Peddapalem,Bank,1,Normal,4
Peddapalem,Cash,2,Normal,4
Peddapalem,Cash,1,Normal,2
Peddapalem,Cash,2,Normal,6
Peddapalem,Cash,1,Normal,6
Chirravuru,Cash,2,Normal,4
Peddapalem,Cash,2,Normal,2
Peddapalem,Bank,3,Normal,4
Peddapalem,Cash,0,NO TV,2
Peddapalem,Bank,2,Normal,5
Peddapalem,Cash,0,Normal,3
Chirravuru,Cash,2,Normal,2
Chirravuru,Cash,1,NO TV,4
Chirravuru,Cash,3,Smart,3
Chirravuru,Cash,2,Normal,5
Chinnapalem,Bank,0,NO TV,6
Chirravuru,Cash,1,Normal,4
Chirravuru,Cash,2,Normal,6
Peddapalem,Cash,3,Normal,4
Chirravuru,Bank,4,Normal,4
Peddapalem,Cash,1,Normal,3
Chirravuru,Cash,2,Normal,2
Chirravuru,Cash,1,Normal,3
Chirravuru,Cash,3,Normal,5
Chirravuru,Cash,0,Normal,1
Chirravuru,Bank,4,Smart,4
Chirravuru,Cash,2,Normal,4
Chirravuru,Cash,2,Smart,4
Peddapalem,Cash,1,NO TV,2
Chirravuru,Bank,1,NO TV,2
Chirravuru,Bank,1,NO TV,2
Chirravuru,Cash,2,Normal,4
Chirravuru,Bank,2,Normal,4
Chirravuru,Bank,3,Smart,3
Peddapalem,Cash,2,Smart,5
Chirravuru,Bank,4,Normal,4
Chirravuru,Cash,4,Normal,6
Peddapalem,Cash,1,Normal,3
Peddapalem,Bank,2,Smart,6
Peddapalem,Cash,1,NO TV,2
Peddapalem,Cash,1,Normal,3
Peddapalem,Cash,1,NO TV,4
Chirravuru,Cash,1,Normal,3
Peddapalem,Cash,2,Smart,6
Chirravuru,Bank,2,Smart,3
Chirravuru,Cash,1,Normal,4
Chirravuru,Cash,2,NO TV,3
Chirravuru,Cash,1,Normal,2
Chirravuru,Cash,3,Normal,6
Chirravuru,Cash,1,Normal,4
Chirravuru,Bank,2,Normal,5
Peddapalem,Cash,1,Normal,2
Peddapalem,Cash,1,Normal,1
Peddapalem,Cash,1,Normal,3
Peddapalem,Cash,2,Normal,6
Peddapalem,Cash,1,Normal,7
Peddapalem,Cash,4,Normal,4
Chirravuru,Bank,1,NO TV,2
Peddapalem,Cash,1,Normal,4
Chirravuru,Cash,1,Normal,6
Chirravuru,Cash,4,Normal,6
Chirravuru,Cash,1,Normal,3
Chirravuru,Cash,2,Normal,2
Chirravuru,Cash,2,Normal,2
Chirravuru,Bank,2,Normal,2
Peddapalem,Cash,2,Normal,6
Chirravuru,Cash,5,Normal,5
Peddapalem,Cash,3,Normal,4
Peddapalem,Cash,3,Smart,5
Chirravuru,Cash,1,Normal,2
Peddapalem,Cash,1,NO TV,4
Peddapalem,Cash,0,NO TV,3
Peddapalem,Cash,1,NO TV,3
Chirravuru,Cash,3,Normal,3
Chirravuru,Bank,2,Smart,6
Peddapalem,Cash,0,NO TV,4
Chirravuru,Cash,2,Normal,4
Chirravuru,Cash,1,Normal,4
Chirravuru,Cash,1,Normal,4
Chirravuru,Cash,2,Normal,3
Chirravuru,Cash,2,Normal,2
Chirravuru,Cash,1,Normal,2
Chirravuru,Bank,4,Normal,4
Peddapalem,Cash,3,Normal,4
Peddapalem,Cash,2,Normal,2
Peddapalem,Cash,0,Normal,4
Peddapalem,Cash,1,Normal,2
Peddapalem,Cash,7,Normal,7
Peddapalem,Cash,1,Normal,4
Peddapalem,Cash,1,Normal,3
Peddapalem,Cash,2,Normal,4
Peddapalem,Bank,0,NO TV,2
Peddapalem,Bank,1,Normal,2
Peddapalem,Bank,1,NO TV,2
Peddapalem,Bank,3,Normal,9
Peddapalem,Cash,3,Normal,4
Peddapalem,Cash,1,Normal,7
Chirravuru,Cash,2,Normal,8
Peddapalem,Cash,4,Normal,4
Peddapalem,Cash,1,Normal,4
Peddapalem,Cash,3,Normal,7
Peddapalem,Cash,2,Normal,3
Peddapalem,Cash,2,Normal,6
Peddapalem,Cash,3,Normal,5
Peddapalem,Cash,2,Normal,5
Peddapalem,Cash,4,Smart,4
Peddapalem,Cash,1,Normal,5
Peddapalem,Cash,2,Normal,5
Chinnapalem,Cash,2,Normal,1
Chinnapalem,Cash,1,Normal,2
Chinnapalem,Cash,1,Normal,3
Chinnapalem,Cash,2,Normal,6
Chinnapalem,Cash,1,Normal,3
Peddapalem,Cash,3,Normal,6
Peddapalem,Cash,3,Normal,4
Chirravuru,Cash,3,Smart,6
Chirravuru,Cash,1,NO TV,4
Chirravuru,Bank,2,Normal,4
Chirravuru,Cash,3,Normal,6
Chirravuru,Cash,2,Normal,5
Chirravuru,Cash,4,Smart,4
Chirravuru,Bank,3,Normal,3
Peddapalem,Cash,1,Normal,5
Peddapalem,Cash,1,NO TV,4
Peddapalem,Cash,2,Normal,4
Chirravuru,Bank,2,Normal,4
Peddapalem,Cash,2,Normal,2
Chirravuru,Cash,2,Normal,5
Peddapalem,Cash,1,Normal,2
Peddapalem,Bank,3,Normal,4
Peddapalem,Bank,3,Normal,4
Peddapalem,Bank,4,Normal,4
Peddapalem,Bank,3,Normal,3
Peddapalem,Bank,1,Normal,4
Peddapalem,Bank,3,Normal,4
Peddapalem,Cash,1,,2
Peddapalem,Cash,1,Normal,5
Chirravuru,Cash,2,Normal,5
Chirravuru,Cash,2,Normal,7
Chirravuru,Cash,1,Normal,3
Chirravuru,Cash,3,Normal,4
Chirravuru,Cash,1,Normal,4
Chirravuru,Cash,0,NO TV,1
Chirravuru,Cash,2,Normal,3
Chirravuru,Cash,1,Normal,3
Chirravuru,Cash,1,Normal,2
Peddapalem,Bank,3,Normal,4
Peddapalem,Bank,2,Smart,6
Peddapalem,Cash,1,NO TV,5
Peddapalem,Bank,0,NO TV,4
Chirravuru,Bank,2,Normal,5
Chirravuru,Cash,2,NO TV,5
Peddapalem,Cash,1,Normal,8
Chirravuru,Bank,1,Normal,5
Chirravuru,Bank,2,Smart,5
Chirravuru,Bank,1,Normal,4
Chirravuru,Bank,1,Normal,3
Chirravuru,Bank,1,Normal,3
Chirravuru,Cash,1,Normal,4
Chirravuru,Cash,1,Smart,4
Chirravuru,Cash,2,Normal,4
Chirravuru,Cash,2,Normal,5
Chirravuru,Cash,3,Normal,6
Chirravuru,Cash,1,Normal,6
Chirravuru,Cash,2,Normal,3
Chirravuru,Cash,1,Normal,6
Chirravuru,Cash,1,Normal,3
Chirravuru,Cash,2,Normal,5
Chirravuru,Cash,2,Normal,4
Chirravuru,Cash,1,Normal,4
Peddapalem,Cash,1,Normal,5
Peddapalem,Cash,1,Normal,2
Chirravuru,Cash,1,NO TV,3
Peddapalem,Bank,2,Normal,4
Peddapalem,Cash,2,Smart,4
Peddapalem,Cash,3,Normal,4
Peddapalem,Bank,4,Normal,4
Peddapalem,Bank,4,Normal,4
Peddapalem,Cash,1,Normal,6
Peddapalem,Bank,2,Normal,6
Peddapalem,Cash,2,Normal,4
Peddapalem,Cash,2,Normal,5
Peddapalem,Cash,1,Normal,2
Peddapalem,Cash,4,Normal,4
Peddapalem,Cash,2,Normal,4
Peddapalem,Cash,1,NO TV,2
Peddapalem,Cash,1,Normal,5
Peddapalem,Cash,1,NO TV,4
Peddapalem,Bank,2,Normal,2
Peddapalem,Cash,2,Normal,6
Peddapalem,Cash,4,Normal,4
Peddapalem,Bank,3,Normal,4
Peddapalem,Cash,2,NO TV,5
Peddapalem,Cash,1,NO TV,4
Peddapalem,Cash,1,NO TV,1
Peddapalem,Cash,3,Normal,7
Peddapalem,Cash,1,Smart,6
Peddapalem,Cash,1,Normal,5
Peddapalem,Bank,5,Normal,5
Peddapalem,Cash,3,Normal,7
Peddapalem,Cash,3,Normal,3
Peddapalem,Cash,5,Normal,5
Peddapalem,Cash,7,Smart,7
Peddapalem,Cash,4,Normal,6
Peddapalem,Cash,2,Normal,2
Peddapalem,Cash,1,Normal,2
Peddapalem,Cash,2,Normal,6
Peddapalem,Cash,2,Normal,7
Peddapalem,Cash,1,Normal,6
Peddapalem,Bank,1,Normal,2
Peddapalem,Bank,4,Normal,6
Peddapalem,Cash,0,NO TV,1
Peddapalem,Cash,3,Smart,4
Peddapalem,Cash,3,,3
Peddapalem,Cash,2,Normal,2
Peddapalem,Cash,2,Normal,4
Peddapalem,Cash,2,Normal,5
Ippatam,Cash,5,Normal,85
Peddapalem,Cash,1,Normal,2
Peddapalem,Cash,1,Normal,2
Peddapalem,Cash,1,Normal,3
Peddapalem,Cash,2,Normal,6
Peddapalem,Cash,1,Normal,2
Peddapalem,Cash,5,Normal,7
Peddapalem,Cash,5,Normal,5
Peddapalem,Cash,1,Normal,2
Peddapalem,Cash,1,Normal,2
Peddapalem,Cash,1,Normal,4
Peddapalem,Cash,3,NO TV,6
Peddapalem,Cash,3,Normal,4
Peddapalem,Bank,5,Normal,5
Peddapalem,Bank,1,Normal,1
Peddapalem,Bank,4,Smart,4
Peddapalem,Cash,1,Normal,5
Peddapalem,Cash,1,Normal,3
Peddapalem,Cash,2,Normal,6
Peddapalem,Cash,1,Normal,2
Peddapalem,Cash,1,Normal,4
Peddapalem,Cash,2,Normal,7
Chirravuru,Cash,1,Normal,3
Peddapalem,Cash,1,Normal,5
Chirravuru,Cash,1,Normal,4
Chirravuru,Cash,3,Normal,5
Chirravuru,Cash,3,Normal,9
Chirravuru,Cash,0,NO TV,3
Chirravuru,Cash,2,NO TV,6
Peddapalem,Cash,3,Normal,7
Chirravuru,Cash,2,Normal,3
Peddapalem,Cash,4,Normal,4
Peddapalem,Cash,0,Normal,2
Peddapalem,Cash,2,Normal,3
Peddapalem,Cash,1,Normal,3
Peddapalem,Cash,1,NO TV,2
Peddapalem,Cash,1,Normal,4
Peddapalem,Cash,4,Normal,6
Peddapalem,Cash,1,Normal,4
Peddapalem,Cash,0,NO TV,4
Peddapalem,Cash,2,NO TV,5
Peddapalem,Cash,0,NO TV,3
Peddapalem,Cash,2,Normal,4
Peddapalem,Bank,3,Normal,11
Peddapalem,Cash,1,NO TV,2
Peddapalem,Cash,1,NO TV,4
Peddapalem,Cash,2,Normal,6
Peddapalem,Bank,2,Normal,4
Peddapalem,Cash,1,Normal,2
Peddapalem,Cash,3,Smart,4
Peddapalem,Cash,1,Normal,4
Peddapalem,Cash,5,Normal,7
Chirravuru,Cash,1,Normal,2
Peddapalem,Cash,5,Normal,5
Peddapalem,Cash,1,Normal,2
Peddapalem,Cash,3,NO TV,6
Peddapalem,Cash,5,Normal,5
Chirravuru,Cash,1,Normal,4
Chirravuru,Cash,2,Normal,5
Chirravuru,Cash,1,Normal,2
Chirravuru,Cash,3,Normal,9
Chirravuru,Cash,0,Normal,3
Chirravuru,Cash,1,NO TV,6
Peddapalem,Cash,1,Normal,5
Chirravuru,Cash,2,Normal,3
Peddapalem,Cash,0,NO TV,2
Chirravuru,Cash,3,Normal,3
Chirravuru,Cash,3,Normal,5
Peddapalem,Cash,0,NO TV,1
Peddapalem,Cash,0,NO TV,3
Peddapalem,Cash,0,NO TV,4
Peddapalem,Cash,0,NO TV,4
Chirravuru,Cash,1,Normal,5
Peddapalem,Cash,0,NO TV,1
Peddapalem,Cash,1,Normal,2
Peddapalem,Cash,1,Normal,4
Peddapalem,Cash,1,Normal,4
Peddapalem,Cash,2,Normal,6
Peddapalem,Cash,1,Normal,1
Peddapalem,Cash,2,NO TV,3
Peddapalem,Cash,1,NO TV,2
Peddapalem,Cash,2,Normal,6
Kunchenapalli,Cash,2,Normal,4
Kunchenapalli,Cash,2,Normal,6
Kunchenapalli,Bank,2,Normal,4
Chirravuru,Cash,1,Normal,5
Chirravuru,Cash,2,Normal,4
Chirravuru,Cash,2,Normal,6
Chirravuru,Cash,2,Normal,6
Chirravuru,Cash,2,Normal,3
Chirravuru,Cash,4,Normal,10
Peddapalem,Bank,3,Normal,4
Peddapalem,Cash,2,NO TV,5
Peddapalem,Cash,2,Normal,2
Peddapalem,Cash,1,NO TV,4
Peddapalem,Bank,2,Normal,3
Chirravuru,Cash,2,Normal,4
Chirravuru,Cash,3,Normal,4
Chirravuru,Cash,1,Normal,5
Chirravuru,Cash,1,Normal,6
Chirravuru,Cash,2,Normal,4
Chirravuru,Cash,2,Normal,3
Peddapalem,Cash,2,Normal,6
Peddapalem,Cash,3,Normal,5
Peddapalem,Cash,0,NO TV,1
Peddapalem,Cash,1,NO TV,6
Peddapalem,Cash,2,Smart,4
Peddapalem,Bank,4,Normal,4
Peddapalem,Cash,0,NO TV,1
Peddapalem,Cash,1,NO TV,2
Peddapalem,Cash,1,Normal,3
Chirravuru,Cash,1,Normal,4
Chirravuru,Cash,1,Normal,3
Chirravuru,Cash,3,Normal,5
Chirravuru,Cash,3,Normal,3
Chirravuru,Cash,1,NO TV,4
Chirravuru,Cash,1,Normal,3
Chirravuru,Cash,1,Normal,2
Chirravuru,Cash,1,Normal,2
Chirravuru,Cash,1,Normal,3
Chirravuru,Cash,1,Normal,3
Peddapalem,Cash,1,NO TV,1
Peddapalem,Cash,0,NO TV,1
Peddapalem,Bank,3,Smart,4
Chirravuru,Cash,4,Normal,4
Chirravuru,Cash,5,Normal,5
Chirravuru,Cash,5,Normal,6
Chirravuru,Cash,2,Normal,4
Chirravuru,Cash,4,Smart,4
Chirravuru,Cash,5,Smart,5
Chirravuru,Cash,2,Normal,3
Chirravuru,Bank,2,Normal,6
Chirravuru,Cash,1,Normal,4
Chirravuru,Cash,4,Normal,6
Chirravuru,Bank,1,Normal,3
Chirravuru,Cash,1,Normal,7
Chirravuru,Cash,1,Smart,6
Chirravuru,Cash,2,Normal,6
Chirravuru,Cash,5,Smart,14
Chirravuru,Cash,1,Normal,5
Chirravuru,Cash,2,Normal,2
Peddapalem,Cash,1,NO TV,1
Peddapalem,Cash,3,Normal,7
Peddapalem,Cash,1,Smart,6
Chirravuru,Cash,1,Normal,8
Peddapalem,Cash,1,Normal,5
Chirravuru,Cash,2,Smart,4
Chirravuru,Bank,1,NO TV,2
Chirravuru,Cash,3,Smart,5
Chirravuru,Cash,1,Normal,2
Chirravuru,Cash,3,Normal,4
Chirravuru,Cash,1,Normal,2
Chirravuru,Bank,1,Normal,4
Chirravuru,Cash,1,Normal,3
Chirravuru,Cash,1,Normal,4
Chirravuru,Bank,2,Normal,5
Chirravuru,Cash,1,NO TV,1
Chirravuru,Bank,3,Normal,4
Chirravuru,Bank,1,Normal,3
Chirravuru,Bank,2,Normal,7
Chirravuru,Cash,1,Normal,2
Chirravuru,Cash,4,Normal,8
Chirravuru,Bank,2,Normal,3
Chirravuru,Bank,1,Normal,4
Chirravuru,Bank,1,Normal,7
Chirravuru,Cash,1,Normal,5
Chirravuru,Cash,2,Normal,5
Chirravuru,Bank,1,Normal,4
Chirravuru,Cash,1,Normal,5
Chirravuru,Cash,1,Normal,4
Chirravuru,Cash,0,NO TV,1
Chirravuru,Cash,1,Normal,6
Chirravuru,Cash,1,Normal,5
Chirravuru,Cash,1,Normal,4
Peddapalem,Cash,2,Normal,3
Peddapalem,Bank,4,Normal,4
Peddapalem,Bank,2,Normal,4
Peddapalem,Cash,2,Normal,2
Peddapalem,Cash,1,Normal,4
Peddapalem,Cash,3,Normal,5
Peddapalem,Cash,2,Normal,4
Peddapalem,Cash,1,Normal,2
Peddapalem,Cash,1,Normal,3
Peddapalem,Cash,1,Normal,2
Peddapalem,Cash,2,Normal,4
Chinnapalem,Cash,2,Normal,4
Chinnapalem,Cash,1,NO TV,4
Peddapalem,Cash,2,Normal,6
Peddapalem,Cash,1,Normal,5
Peddapalem,Cash,1,Normal,3
Peddapalem,Cash,2,Normal,4
Peddapalem,Cash,2,NO TV,4
Chinnapalem,Cash,1,Normal,2
Chinnapalem,Bank,2,Normal,4
Chinnapalem,Cash,1,Normal,2
Chinnapalem,Cash,6,Normal,9
Chinnapalem,Cash,1,Normal,4
Chinnapalem,Cash,3,Normal,4
Chinnapalem,Cash,1,Normal,3
Chinnapalem,Bank,3,Normal,5
Chinnapalem,Cash,1,NO TV,3
Chinnapalem,Bank,1,Smart,4
Chinnapalem,Cash,2,Normal,3
Peddapalem,Bank,4,Normal,4
Peddapalem,Cash,3,Normal,4
Peddapalem,Cash,1,NO TV,6
Peddapalem,Bank,5,Normal,6
Chirravuru,Cash,4,Normal,4
Chirravuru,Cash,4,Normal,4
Chirravuru,Cash,2,Smart,2
Chirravuru,Cash,4,Smart,4
Chirravuru,Cash,1,Normal,3
Chirravuru,Cash,0,Normal,6
Chirravuru,Cash,1,Normal,2
Chirravuru,Cash,4,Smart,4
Peddapalem,Bank,1,Normal,4
Peddapalem,Cash,3,Normal,5
Peddapalem,Cash,2,NO TV,6
Peddapalem,Cash,0,NO TV,2
Peddapalem,Cash,4,Normal,6
Peddapalem,Cash,1,Normal,6
Peddapalem,Cash,1,Normal,6
Peddapalem,Cash,1,Normal,4
Peddapalem,Cash,0,NO TV,2
Peddapalem,Cash,1,NO TV,4
Peddapalem,Cash,2,Normal,2
Peddapalem,Cash,3,Normal,3
Chirravuru,Bank,2,Normal,2
Chirravuru,Bank,4,Smart,4
Chirravuru,Bank,1,Normal,2
Chinnapalem,Cash,2,Normal,4
Chinnapalem,Cash,1,Normal,2
Chinnapalem,Cash,6,Normal,9
Chinnapalem,Cash,1,Normal,4
Chinnapalem,Cash,3,Normal,4
Chinnapalem,Cash,1,Normal,3
Vaddeswaram,Bank,0,Smart,4
Chirravuru,Cash,2,Normal,6
Chirravuru,Cash,1,NO TV,3
Chirravuru,Cash,1,Normal,3
Chirravuru,Cash,5,Smart,6
Chirravuru,Cash,1,NO TV,2
Chirravuru,Cash,4,Normal,4
Chirravuru,Cash,2,Normal,4
Chirravuru,Cash,1,Normal,4
Chirravuru,Cash,3,Normal,6
Chirravuru,Cash,1,Normal,5
Chinnapalem,Bank,2,Smart,4
Chinnapalem,Cash,2,Normal,3
Chinnapalem,Bank,3,Normal,4
Chinnapalem,Bank,2,Normal,2
Peddapalem,Cash,1,Normal,3
Chinnapalem,Cash,1,NO TV,4
Chinnapalem,Cash,2,NO TV,5
Chirravuru,Cash,2,Normal,10
Chirravuru,Cash,1,Normal,2
Chirravuru,Cash,1,Normal,3
Chirravuru,Cash,3,Normal,6
Chirravuru,Cash,3,Smart,3
Chirravuru,Cash,4,Smart,4
Peddapalem,Bank,4,Normal,4
Peddapalem,Cash,1,NO TV,6
Chirravuru,Cash,1,Normal,5
Chirravuru,Cash,3,Normal,10
Peddapalem,Cash,2,Normal,4
Peddapalem,Cash,1,Normal,3
Peddapalem,Cash,4,Normal,8
Peddapalem,Cash,1,Normal,5
Peddapalem,Cash,4,Normal,4
Peddapalem,Cash,6,Normal,6
Peddapalem,Cash,2,NO TV,5
Chirravuru,Cash,1,Normal,3
Chirravuru,Cash,1,Normal,5
Chirravuru,Cash,4,Normal,4
Chirravuru,Cash,2,Normal,5
Chirravuru,Cash,3,Normal,5
Chirravuru,Cash,1,Normal,3
Chirravuru,Cash,1,Normal,1
Chirravuru,Cash,2,Normal,4
Chirravuru,Cash,2,Normal,2
Chirravuru,Cash,1,Normal,9
Chirravuru,Cash,2,Normal,3
Chirravuru,Cash,1,Normal,3
Chirravuru,Cash,1,Smart,4
Chinnapalem,Cash,3,Normal,4
Chinnapalem,Cash,1,Normal,2
Chinnapalem,Cash,0,Normal,2
Chinnapalem,Cash,0,NO TV,1
Chinnapalem,Cash,1,Normal,4
Chinnapalem,Cash,1,Normal,4
Peddapalem,Cash,1,Normal,4
Peddapalem,Cash,1,Normal,3
Peddapalem,Cash,2,Normal,3
Peddapalem,Cash,2,Normal,5
Peddapalem,Cash,0,NO TV,1
Peddapalem,Cash,2,Normal,5
Peddapalem,Cash,2,Normal,4
Peddapalem,Cash,1,NO TV,2
Peddapalem,Bank,2,Normal,4
Chinnapalem,Cash,2,Normal,3
Chinnapalem,Bank,2,Normal,6
Chirravuru,Cash,1,Normal,2
Chinnapalem,Cash,1,Normal,5
Chinnapalem,Cash,2,Normal,6
Chinnapalem,Cash,2,Normal,6
Chinnapalem,Cash,1,Normal,2
Chinnapalem,Cash,1,NO TV,2
Chinnapalem,Cash,1,Normal,4
Chinnapalem,Cash,1,Normal,3
Chirravuru,Cash,3,Normal,3
Peddapalem,Cash,1,Normal,1
Peddapalem,Cash,2,Normal,5
Peddapalem,Cash,1,Normal,5
Peddapalem,Cash,1,NO TV,6
Peddapalem,Cash,1,Normal,6
Peddapalem,Cash,2,Normal,4
Peddapalem,Bank,1,Normal,7
Peddapalem,Cash,1,Normal,4
Peddapalem,Cash,0,NO TV,1
Peddapalem,Cash,1,Normal,4
Peddapalem,Cash,0,NO TV,1
Peddapalem,Cash,2,Smart,2
Peddapalem,Cash,1,Smart,2
Peddapalem,Cash,1,NO TV,2
Peddapalem,Cash,1,Normal,2
Peddapalem,Cash,1,Normal,3
Peddapalem,Cash,2,Normal,8
Peddapalem,Cash,3,Normal,4
Peddapalem,Bank,2,Normal,5
Peddapalem,Cash,1,Normal,4
Peddapalem,Cash,1,Normal,3
Peddapalem,Bank,1,NO TV,1
Peddapalem,Bank,3,Smart,3
Peddapalem,Cash,1,NO TV,2
Peddapalem,Cash,1,Normal,2
Peddapalem,Bank,2,Normal,7
Peddapalem,Cash,1,Normal,3
Peddapalem,Cash,1,Normal,3
Peddapalem,Bank,1,Normal,4
Peddapalem,Bank,1,Normal,4
Chinnapalem,Cash,1,Normal,3
Chinnapalem,Cash,1,Normal,5
Chinnapalem,Cash,1,NO TV,3
Chirravuru,Cash,2,Normal,4
Gundimeda,Cash,3,Smart,6
Peddapalem,Cash,1,Normal,4
Peddapalem,Cash,2,Smart,4
Peddapalem,Cash,3,Normal,4
Peddapalem,Bank,4,Normal,4
Peddapalem,Bank,4,Normal,4
Peddapalem,Bank,2,Normal,4
Peddapalem,Cash,2,Normal,8
Peddapalem,Cash,4,Normal,5
Peddapalem,Cash,4,Normal,4
Peddapalem,Cash,1,NO TV,3
Chinnapalem,Bank,2,Normal,4
Chinnapalem,Cash,1,Normal,2
Chinnapalem,Cash,2,NO TV,3
Chinnapalem,Cash,2,Normal,4
Chirravuru,Cash,5,Normal,6
Chirravuru,Cash,1,Normal,3
Chirravuru,Cash,1,Normal,5
Chirravuru,Cash,1,Normal,5
Chirravuru,Cash,1,Normal,6
Chirravuru,Cash,1,Normal,5
Chirravuru,Cash,1,Normal,5
Chirravuru,Cash,1,Normal,5
Chirravuru,Cash,1,Normal,5
Chirravuru,Cash,2,Normal,6
Chirravuru,Cash,2,Normal,7
Chirravuru,Cash,1,Normal,6
Chirravuru,Cash,4,Smart,8
Chirravuru,Cash,1,Normal,4
Chirravuru,Cash,1,Normal,5
Chirravuru,Bank,4,Smart,10
Chirravuru,Cash,1,Normal,4
Chirravuru,Cash,1,Normal,5
Chirravuru,Cash,1,Normal,5
Chirravuru,Bank,1,Normal,4
Chirravuru,Bank,5,Normal,6
Chirravuru,Cash,2,Normal,4
Chirravuru,Cash,0,NO TV,2
Peddapalem,Cash,1,Normal,3
Peddapalem,Cash,2,Normal,4
Peddapalem,Cash,1,Normal,3
Peddapalem,Cash,1,Normal,4
Peddapalem,Cash,1,Normal,4
Peddapalem,Bank,0,NO TV,2
Peddapalem,Cash,2,Normal,4
Peddapalem,Cash,1,Normal,4
Peddapalem,Bank,1,Normal,7
Peddapalem,Cash,1,Normal,4
Peddapalem,Cash,2,Smart,2
Peddapalem,Cash,1,Smart,2
Peddapalem,Cash,1,NO TV,2
Peddapalem,Cash,1,Normal,2
Peddapalem,Cash,1,Normal,3
Peddapalem,Cash,0,NO TV,3
Chinnapalem,Cash,1,Normal,5
Chinnapalem,Cash,2,Normal,5
Chinnapalem,Cash,1,Normal,2
Chinnapalem,Cash,1,Normal,4
Chinnapalem,Cash,1,Normal,2
Peddapalem,Cash,0,Normal,3
Chirravuru,Cash,2,Normal,3
Peddapalem,Cash,2,Normal,3
Peddapalem,Cash,2,Normal,2
Peddapalem,Cash,3,NO TV,5
Peddapalem,Bank,2,NO TV,2
Peddapalem,Cash,1,Normal,3
Peddapalem,Cash,1,NO TV,4
Chinnapalem,Cash,1,Normal,3
Chinnapalem,Cash,0,NO TV,1
Chirravuru,Cash,2,Normal,6
Chirravuru,Cash,1,Normal,6
Chirravuru,Cash,0,Normal,6
Peddapalem,Cash,3,Normal,9
Peddapalem,Cash,2,Normal,4
Peddapalem,Cash,2,Normal,2
Peddapalem,Cash,2,Normal,9
Chinnapalem,Cash,1,Smart,4
Chinnapalem,Cash,1,Normal,2
Chinnapalem,Cash,1,Normal,5
Chinnapalem,Cash,0,NO TV,1
Chinnapalem,Cash,1,Normal,2
Kunchenapalli,Bank,2,Normal,6
Peddapalem,Cash,4,Normal,4
Peddapalem,Cash,1,Normal,2
Peddapalem,Cash,3,Smart,4
Peddapalem,Cash,3,Smart,4
Peddapalem,Cash,2,Normal,4
Peddapalem,Cash,1,NO TV,4
Kunchenapalli,Cash,0,NO TV,2
Kunchenapalli,Cash,1,Normal,4
Peddapalem,Cash,2,Normal,5
Peddapalem,Cash,1,Normal,6
Peddapalem,Bank,1,Normal,4
Peddapalem,Cash,0,Normal,4
Peddapalem,Cash,2,Normal,4
Kunchenapalli,Cash,1,Normal,3
Kunchenapalli,Cash,0,Normal,4
Kunchenapalli,Cash,3,Normal,3
Peddapalem,Cash,2,Normal,8
Chirravuru,Cash,2,Normal,4
Peddapalem,Bank,1,Normal,7
Peddapalem,Cash,1,Normal,4
Peddapalem,Cash,2,Smart,2
Peddapalem,Cash,1,Smart,2
Peddapalem,Cash,1,NO TV,2
Peddapalem,Cash,1,Normal,2
Peddapalem,Cash,2,Normal,3
Ippatam,Bank,3,Smart,3
Chinnapalem,Cash,1,Normal,3
Seetanagaram,Cash,4,Normal,4
Undavalli,Bank,4,Smart,4
Peddapalem,Cash,1,NO TV,4
Peddapalem,Cash,0,NO TV,2
Peddapalem,Cash,1,NO TV,5
Peddapalem,Bank,2,Smart,6
Peddapalem,Bank,1,Normal,2
Peddapalem,Bank,1,Normal,5
Peddapalem,Bank,2,Normal,5
Peddapalem,Bank,0,NO TV,1
Peddapalem,Bank,1,Smart,3
Peddapalem,Bank,0,NO TV,5
Chinnapalem,Cash,1,Normal,39
Chinnapalem,Cash,2,Normal,3
Chinnapalem,Cash,0,Normal,1
Chinnapalem,Bank,2,Normal,3
Chinnapalem,Bank,2,Normal,4
Kunchenapalli,Cash,1,Normal,4
Kolanukonda,Cash,3,Normal,3
Kolanukonda,Cash,0,Normal,1
Athmakuru,Cash,2,Normal,4
Kolanukonda,Cash,1,NO TV,1
Kolanukonda,Cash,2,Normal,4
Kolanukonda,Cash,1,Normal,3
Kolanukonda,Cash,2,Normal,4
Kolanukonda,Cash,1,Normal,3
Kolanukonda,Bank,4,Smart,4
Kolanukonda,Cash,2,Normal,4
Kolanukonda,Bank,4,Smart,4
Kolanukonda,Cash,4,Normal,4
Kolanukonda,Cash,1,Smart,2
Kolanukonda,Cash,1,Normal,3
Kolanukonda,Cash,1,Normal,2
Kolanukonda,Bank,3,Normal,4
Kolanukonda,Cash,1,Normal,3
Kolanukonda,Bank,2,Normal,4
Kolanukonda,Bank,2,Normal,3
Kolanukonda,Bank,2,Normal,5
Kolanukonda,Bank,2,Smart,4
Kolanukonda,Cash,2,Normal,5
Kolanukonda,Cash,1,Normal,3
Kolanukonda,Cash,2,Normal,4
Kolanukonda,Cash,3,NO TV,4
Kolanukonda,Bank,5,Normal,5
Kolanukonda,Cash,0,NO TV,1
Kolanukonda,Cash,0,NO TV,1
Kolanukonda,Bank,2,Normal,5
Kolanukonda,Cash,4,Normal,5
Kolanukonda,Bank,3,Normal,4
Kolanukonda,Cash,3,Normal,7
Kolanukonda,Cash,2,Normal,5
Kolanukonda,Cash,1,Normal,4
Kolanukonda,Cash,4,Normal,4
Kolanukonda,Cash,3,NO TV,4
Kolanukonda,Cash,1,Normal,4
Kolanukonda,Cash,2,Normal,4
Kolanukonda,Cash,3,Normal,3
Kolanukonda,Cash,2,Smart,5
Kolanukonda,Cash,2,Smart,5
Kolanukonda,Cash,1,Smart,2
Kolanukonda,Cash,2,Normal,4
Kolanukonda,Bank,2,Smart,2
Kolanukonda,Bank,1,NO TV,4
Kolanukonda,Bank,4,Normal,5
Kolanukonda,Cash,1,Normal,4
Kolanukonda,Cash,3,Normal,10
Kolanukonda,Cash,1,Normal,4
Kolanukonda,Cash,1,Normal,2
Kolanukonda,Cash,1,Normal,2
Kolanukonda,Cash,1,Normal,2
Kolanukonda,Cash,3,Normal,4
Kolanukonda,Cash,3,Normal,4
Kolanukonda,Cash,2,NO TV,2
Kolanukonda,Cash,0,Normal,2
Kolanukonda,Cash,1,Normal,4
Kolanukonda,Bank,1,Normal,1
Kolanukonda,Cash,3,Normal,4
Kolanukonda,Bank,0,Normal,2
Kolanukonda,Bank,3,Smart,3
Kolanukonda,Cash,1,Normal,4
Kolanukonda,Cash,5,Smart,2
Kolanukonda,Cash,3,Normal,4
Kolanukonda,Cash,3,Normal,4
Kolanukonda,Cash,1,Normal,4
Kolanukonda,Cash,2,Normal,4
Kolanukonda,Cash,2,Normal,4
Kolanukonda,Cash,1,Normal,4
Kolanukonda,Cash,0,NO TV,3
Kolanukonda,Cash,5,Smart,5
Kolanukonda,Bank,4,Normal,4
Kolanukonda,Cash,2,Normal,4
Kolanukonda,Cash,2,Normal,4
Kolanukonda,Cash,3,Normal,3
Kolanukonda,Cash,1,NO TV,2
Kolanukonda,Cash,3,Normal,4
Kolanukonda,Cash,1,NO TV,2
Kolanukonda,Cash,2,Normal,3
Kolanukonda,Bank,3,Normal,4
Kolanukonda,Bank,1,Normal,5
Kolanukonda,Cash,2,Normal,6
Kolanukonda,Cash,2,Normal,4
Vaddeswaram,Bank,3,Smart,3
Kolanukonda,Cash,2,Normal,2
Kolanukonda,Cash,1,Normal,2
Kolanukonda,Cash,1,Normal,2
Kolanukonda,Bank,3,Normal,6
Kolanukonda,Cash,2,Smart,5
Kolanukonda,Cash,2,Normal,5
Kolanukonda,Bank,4,Smart,4
Kolanukonda,Cash,3,Normal,3
Kolanukonda,Bank,2,Smart,3
Kolanukonda,Cash,2,Normal,5
Kolanukonda,Cash,1,Normal,5
Kolanukonda,Cash,1,Normal,5
Kolanukonda,Bank,4,Normal,4
Kolanukonda,Cash,4,Normal,4
Kolanukonda,Cash,4,Smart,6
Kolanukonda,Bank,1,NO TV,3
Kolanukonda,Cash,1,Normal,2
Kolanukonda,Cash,4,Smart,6
Kolanukonda,Cash,1,Smart,1
Kolanukonda,Cash,2,Normal,4
Kolanukonda,Cash,1,Normal,4
Kolanukonda,Cash,2,Normal,4
Kolanukonda,Cash,1,NO TV,2
Kolanukonda,Cash,1,Normal,2
Kolanukonda,Cash,2,Normal,3
Kolanukonda,Cash,2,Normal,3
Kolanukonda,Cash,2,NO TV,3
Kolanukonda,Bank,2,Normal,3
Kolanukonda,Cash,2,Smart,5
Kolanukonda,Cash,3,Normal,4
Kolanukonda,Cash,4,Smart,6
Kolanukonda,Cash,3,Normal,5
Kolanukonda,Cash,2,Normal,2
Vaddeswaram,Bank,3,Smart,3
Kolanukonda,Cash,1,Normal,5
Kolanukonda,Bank,3,Smart,3
Kolanukonda,Bank,3,Smart,3
Kolanukonda,Cash,2,Smart,4
Kolanukonda,Cash,2,Normal,2
Kolanukonda,Bank,1,Normal,3
Kolanukonda,Bank,1,Normal,3
Kolanukonda,Cash,1,Normal,2
Kolanukonda,Cash,4,Normal,8
Kolanukonda,Cash,2,Normal,2
Kolanukonda,Bank,2,Normal,2
Kolanukonda,Bank,1,Normal,3
Kolanukonda,Cash,1,Normal,2
Peddapalem,Cash,2,Normal,2
Kolanukonda,Cash,2,Normal,2
Kolanukonda,Cash,2,Normal,3
Kolanukonda,Cash,1,Normal,7
Kolanukonda,Cash,1,NO TV,4
Kolanukonda,Cash,1,Normal,5
Kolanukonda,Cash,2,Smart,4
Kolanukonda,Cash,2,Normal,2
Kolanukonda,Cash,3,Normal,3
Kolanukonda,Cash,2,Normal,4
Kolanukonda,Cash,2,NO TV,2
Kolanukonda,Cash,3,Normal,5
Kolanukonda,Cash,3,Smart,5
Kolanukonda,Cash,3,Normal,4
Kolanukonda,Cash,1,Normal,4
Kolanukonda,Cash,2,Normal,6
Kolanukonda,Cash,2,Smart,4
Kolanukonda,Cash,1,Normal,4
Kolanukonda,Cash,1,Normal,4
Kolanukonda,Cash,4,Smart,4
Kolanukonda,Cash,3,Normal,3
Kolanukonda,Cash,1,Normal,2
Kolanukonda,Bank,2,Smart,2
Kolanukonda,Cash,2,Smart,2
Kolanukonda,Cash,2,Normal,5
Kolanukonda,Cash,1,Normal,4
Kolanukonda,Cash,0,NO TV,1
Kolanukonda,Cash,4,Normal,3
Kolanukonda,Bank,3,Smart,6
Kolanukonda,Bank,1,NO TV,2
Kolanukonda,Bank,1,Normal,2
Kolanukonda,Cash,2,Smart,3
Kolanukonda,Cash,1,Normal,6
Kolanukonda,Cash,1,Normal,2
Kolanukonda,Cash,2,Normal,6
Kolanukonda,Cash,2,Smart,3
Kolanukonda,Cash,1,Normal,4
Kolanukonda,Bank,2,Normal,5
Kolanukonda,Cash,2,Normal,3
Kolanukonda,Cash,1,Smart,2
Kolanukonda,Cash,2,Normal,5
Kolanukonda,Cash,3,Smart,5
Kolanukonda,Cash,4,Smart,6
Kolanukonda,Cash,1,Normal,2
Kolanukonda,Bank,2,Smart,2
Kolanukonda,Bank,3,Normal,3
Kolanukonda,Cash,2,Smart,6
Kolanukonda,Cash,2,Normal,4
Kolanukonda,Cash,2,Smart,6
Kolanukonda,Bank,6,Smart,6
Kolanukonda,Cash,3,Smart,6
Kolanukonda,Cash,2,Smart,6
Kolanukonda,Bank,2,Smart,3
Kolanukonda,Cash,1,Smart,6
Kolanukonda,Bank,3,Normal,3
Kolanukonda,Cash,2,Smart,6
Kolanukonda,Bank,2,NO TV,4
Kolanukonda,Bank,1,Normal,5
Kolanukonda,Cash,4,Normal,5
Kolanukonda,Bank,3,Normal,5
Kolanukonda,Bank,4,Normal,4
Kolanukonda,Bank,2,Normal,3
Kolanukonda,Bank,1,Smart,1
Kolanukonda,Bank,4,Smart,4
Vaddeswaram,Cash,1,Smart,4
Kolanukonda,Cash,1,Normal,6
Kolanukonda,Bank,1,Smart,1
Kolanukonda,Cash,3,Normal,8
Kolanukonda,Cash,1,Normal,2
Kolanukonda,Cash,3,Smart,3
Kolanukonda,Cash,3,Normal,8
Kolanukonda,Cash,3,Normal,3
Kolanukonda,Cash,3,Normal,8
Kolanukonda,Bank,1,Normal,3
Kolanukonda,Cash,3,Normal,3
Kolanukonda,Bank,2,Smart,2
Kolanukonda,Cash,3,Normal,8
Kolanukonda,Cash,4,Smart,4
Kolanukonda,Bank,6,Smart,6
Kolanukonda,Bank,2,Smart,5
Kolanukonda,Cash,0,Smart,3
Kolanukonda,Cash,1,Normal,4
Kolanukonda,Cash,2,NO TV,5
Kolanukonda,Cash,1,Normal,3
Kolanukonda,Cash,2,Normal,4
Kolanukonda,Bank,2,Smart,4
Kolanukonda,Cash,1,NO TV,2
Kolanukonda,Cash,1,Normal,4
Kolanukonda,Cash,1,NO TV,3
Kolanukonda,Cash,1,Normal,2
Kolanukonda,Bank,4,Smart,6
Kolanukonda,Cash,1,Smart,5
Kolanukonda,Cash,1,Normal,6
Kolanukonda,Cash,1,NO TV,3
Kolanukonda,Cash,1,NO TV,3
Kolanukonda,Bank,4,Normal,5
Kolanukonda,Bank,2,Smart,3
Kolanukonda,Cash,2,NO TV,7
Kolanukonda,Cash,2,Normal,6
Kolanukonda,Cash,1,Normal,6
Kolanukonda,Cash,2,Smart,5
Kolanukonda,Cash,1,Normal,2
Kolanukonda,Cash,1,Normal,4
Kolanukonda,Cash,1,Smart,5
Kolanukonda,Cash,2,Normal,4
Kolanukonda,Cash,1,Normal,7
Kolanukonda,Cash,1,Normal,4
Kolanukonda,Cash,0,Normal,3
Kolanukonda,Cash,1,Normal,4
Kolanukonda,Cash,1,Normal,5
Kolanukonda,Cash,3,Normal,3
Kolanukonda,Cash,2,NO TV,5
Kolanukonda,Cash,3,Normal,3
Kolanukonda,Cash,5,Smart,5
Kolanukonda,Bank,3,Normal,6
Kolanukonda,Cash,2,NO TV,7
Kolanukonda,Cash,4,Normal,4
Kolanukonda,Bank,2,Normal,3
Kolanukonda,Cash,1,Normal,6
Kolanukonda,Cash,0,NO TV,2
Kolanukonda,Bank,2,Normal,4
Kolanukonda,Cash,2,Normal,3
Kolanukonda,Cash,1,Normal,2
Kolanukonda,Cash,3,Normal,9
Kolanukonda,Cash,3,Normal,9
Kolanukonda,Cash,3,Normal,9
Kolanukonda,Cash,3,Normal,9
Kolanukonda,Cash,3,Normal,8
Kolanukonda,Cash,3,Normal,8
Kolanukonda,Cash,2,Normal,5
Kolanukonda,Cash,2,Normal,5
Kolanukonda,Cash,2,Normal,4
Kolanukonda,Cash,2,Normal,4
Kolanukonda,Cash,0,NO TV,3
Kolanukonda,Cash,6,Smart,8
Kolanukonda,Cash,0,Normal,2
Kolanukonda,Cash,2,Normal,4
Kolanukonda,Cash,4,Smart,5
Vaddeswaram,Cash,2,Normal,5
Kolanukonda,Bank,1,Normal,4
Kolanukonda,Cash,1,Normal,5
Kolanukonda,Cash,2,Normal,6
Kolanukonda,Cash,2,Normal,5
Kolanukonda,Cash,2,Normal,4
Kolanukonda,Cash,8,Normal,9
Kolanukonda,Cash,6,Normal,6
Kolanukonda,Cash,10,Normal,10
Kolanukonda,Cash,3,Normal,4
Kolanukonda,Cash,1,Normal,2
Kolanukonda,Bank,4,Normal,4
Kolanukonda,Cash,4,Normal,5
Kolanukonda,Cash,1,Normal,2
Kolanukonda,Cash,2,Normal,3
Kolanukonda,Cash,2,Smart,3
Kolanukonda,Cash,3,Normal,5
Kolanukonda,Cash,2,Smart,2
Kolanukonda,Cash,2,Normal,5
Kolanukonda,Cash,2,Normal,2
Kolanukonda,Cash,1,Normal,2
Kolanukonda,Cash,1,NO TV,2
Kolanukonda,Cash,1,Normal,3
Kolanukonda,Bank,2,Normal,3
Kolanukonda,Cash,2,Smart,3
Kolanukonda,Cash,2,Normal,4
Kolanukonda,Cash,3,Normal,11
Kolanukonda,Cash,2,Normal,5
Kolanukonda,Cash,1,NO TV,2
Kolanukonda,Cash,2,Smart,3
Kolanukonda,Bank,3,Smart,4
Kolanukonda,Cash,1,NO TV,1
Kolanukonda,Bank,1,Normal,4
Kolanukonda,Bank,1,Normal,4
Kolanukonda,Bank,3,NO TV,5
Kolanukonda,Cash,3,Normal,3
Kolanukonda,Cash,2,Normal,3
Kolanukonda,Cash,2,Normal,4
Kolanukonda,Cash,2,Normal,3
Kolanukonda,Bank,1,Normal,4
Kolanukonda,Cash,2,Normal,4
Kolanukonda,Bank,2,Smart,4
Kolanukonda,Cash,1,Normal,6
Kolanukonda,Cash,2,Normal,4
Kolanukonda,Cash,2,Normal,4
Kolanukonda,Bank,2,Normal,3
Kolanukonda,Cash,2,Normal,3
Kolanukonda,Cash,2,Normal,4
Kolanukonda,Cash,3,Normal,9
Kolanukonda,Bank,2,Smart,2
Kolanukonda,Cash,3,Normal,6
Kolanukonda,Cash,3,Normal,4
Kolanukonda,Cash,2,Normal,4
Kolanukonda,Bank,4,Smart,4
Kolanukonda,Bank,2,Normal,4
Kolanukonda,Bank,2,Normal,5
Kolanukonda,Bank,1,Normal,2
Kolanukonda,Bank,1,Normal,4
Kolanukonda,Bank,1,NO TV,1
Kolanukonda,Bank,2,Smart,4
Kolanukonda,Bank,0,Normal,1
Kolanukonda,Cash,1,NO TV,4
Kolanukonda,Bank,2,Smart,4
Kolanukonda,Bank,2,Normal,4
Kolanukonda,Bank,2,Normal,5
Kolanukonda,Bank,1,Normal,5
Kolanukonda,Cash,4,Normal,4
Vaddeswaram,Cash,3,NO TV,3
Peddapalem,Bank,3,Normal,4
Nuthakki,Cash,4,Smart,6
Nuthakki,Cash,2,Normal,4
Nuthakki,Cash,1,Normal,4
Nuthakki,Cash,0,NO TV,1
Nuthakki,Cash,3,Normal,6
Nuthakki,Cash,0,NO TV,3
Nuthakki,Cash,1,Normal,5
Nuthakki,Cash,1,Normal,2
Nuthakki,Cash,1,Normal,2
Nuthakki,Cash,1,Normal,3
Nuthakki,Cash,1,Normal,2
Nuthakki,Cash,2,Normal,4
Nuthakki,Bank,3,Normal,5
Nuthakki,Bank,2,Normal,4
Nuthakki,Bank,1,NO TV,3
Nuthakki,Cash,1,Normal,4
Nuthakki,Cash,1,NO TV,2
Nuthakki,Bank,2,Smart,2
Nuthakki,Cash,1,Normal,2
Nuthakki,Bank,2,Normal,5
Nuthakki,Bank,2,Normal,3
Nuthakki,Bank,2,Normal,3
Nuthakki,Cash,0,NO TV,4
Nuthakki,Cash,0,NO TV,5
Nuthakki,Bank,1,Normal,2
Nuthakki,Cash,0,Normal,2
Nuthakki,Cash,0,NO TV,2
Nuthakki,Cash,0,Normal,0
Nuthakki,Cash,0,NO TV,3
Nuthakki,Cash,1,Normal,1
Nuthakki,Cash,1,Normal,2
Nuthakki,Cash,1,Normal,4
Nuthakki,Cash,2,Normal,4
Nuthakki,Cash,1,Normal,4
Nuthakki,Cash,1,Normal,3
Nuthakki,Cash,1,Normal,1
Nuthakki,Cash,1,Normal,2
Nuthakki,Cash,1,Normal,4
Nuthakki,Bank,2,Normal,4
Nuthakki,Bank,1,Normal,4
Nuthakki,Bank,2,Normal,4
Nuthakki,Cash,2,Normal,5
Nuthakki,Bank,2,Smart,2
Nuthakki,Cash,3,Smart,3
Nuthakki,Cash,2,Normal,4
Nuthakki,Cash,2,NO TV,5
Nuthakki,Cash,0,NO TV,1
Nuthakki,Cash,4,Normal,8
Nuthakki,Cash,1,Normal,5
Nuthakki,Cash,1,Normal,4
Nuthakki,Bank,4,Normal,7
Nuthakki,Bank,4,Smart,5
Nuthakki,Cash,0,Normal,2
Nuthakki,Cash,2,Smart,1
Nuthakki,Cash,3,Normal,5
Nuthakki,Cash,1,Normal,3
Nuthakki,Cash,1,Smart,3
Nuthakki,Bank,3,Smart,4
Nuthakki,Cash,2,Normal,4
Nuthakki,Cash,2,Normal,5
Nuthakki,Cash,2,Normal,4
Nuthakki,Cash,2,Normal,4
Nuthakki,Cash,1,Normal,3
Nuthakki,Cash,3,Normal,4
Nuthakki,Cash,0,NO TV,3
Nuthakki,Cash,4,Normal,5
Nuthakki,Cash,1,NO TV,2
Nuthakki,Cash,2,Normal,4
Nuthakki,Cash,1,Normal,4
Nuthakki,Cash,1,Normal,4
Nuthakki,Bank,5,Normal,5
Nuthakki,Bank,2,Normal,4
Nuthakki,Bank,2,Normal,4
Nuthakki,Cash,2,Normal,5
Nuthakki,Bank,2,Normal,5
Nuthakki,Bank,1,Smart,2
Nuthakki,Cash,4,Smart,5
Nuthakki,Bank,1,Normal,4
Nuthakki,Cash,2,Normal,6
Nuthakki,Cash,2,Smart,4
Nuthakki,Cash,2,Smart,3
Nuthakki,Bank,2,Normal,4
Nuthakki,Bank,2,Smart,4
Nuthakki,Cash,2,Normal,4
Nuthakki,Cash,2,Normal,5
Nuthakki,Cash,1,Smart,2
Nuthakki,Cash,3,Smart,5
Nuthakki,Bank,1,Normal,4
Nuthakki,Cash,2,Normal,6
Nuthakki,Cash,2,Smart,4
Nuthakki,Cash,2,Smart,3
Nuthakki,Cash,1,NO TV,1
Nuthakki,Cash,4,Normal,5
Nuthakki,Cash,1,Normal,3
Nuthakki,Cash,1,Normal,4
Nuthakki,Cash,1,Normal,3
Nuthakki,Cash,1,Normal,2
Nuthakki,Cash,1,Normal,5
Nuthakki,Cash,2,NO TV,4
Nuthakki,Cash,1,Normal,2
Nuthakki,Cash,1,Normal,2
Nuthakki,Cash,0,Normal,2
Nuthakki,Bank,3,Normal,5
Nuthakki,Bank,2,Smart,1
Nuthakki,Cash,3,Normal,5
Nuthakki,Cash,3,Normal,3
Nuthakki,Bank,4,Smart,4
Nuthakki,Bank,1,NO TV,2
Nuthakki,Cash,1,NO TV,2
Nuthakki,Bank,3,Normal,3
Nuthakki,Bank,4,Normal,5
Nuthakki,Bank,4,Normal,5
Nuthakki,Cash,3,Normal,8
Nuthakki,Cash,0,NO TV,2
Nuthakki,Cash,0,Normal,3
Nuthakki,Cash,3,Normal,7
Nuthakki,Cash,1,Normal,2
Nuthakki,Cash,2,Normal,5
Nuthakki,Cash,2,Normal,4
Nuthakki,Cash,3,Normal,6
Nuthakki,Bank,6,Smart,9
Nuthakki,Cash,2,NO TV,3
Nuthakki,Cash,0,NO TV,5
Nuthakki,Cash,1,NO TV,1
Nuthakki,Cash,0,NO TV,4
Nuthakki,Cash,1,NO TV,2
Nuthakki,Cash,3,Normal,7
Nuthakki,Cash,0,NO TV,2
Nuthakki,Cash,1,NO TV,5
Nuthakki,Cash,1,Normal,5
Nuthakki,Cash,3,Normal,6
Nuthakki,Cash,0,NO TV,2
Nuthakki,Cash,1,Normal,3
Nuthakki,Cash,1,Normal,4
Nuthakki,Cash,3,Smart,4
Nuthakki,Cash,2,Normal,5
Nuthakki,Bank,3,Normal,5
Nuthakki,Cash,3,Normal,8
Nuthakki,Cash,0,NO TV,2
Nuthakki,Cash,0,NO TV,3
Nuthakki,Cash,3,Normal,6
Nuthakki,Cash,1,Normal,2
Nuthakki,Cash,1,Normal,2
Nuthakki,Cash,2,Normal,4
Nuthakki,Cash,2,Normal,5
Nuthakki,Cash,0,NO TV,2
Nuthakki,Cash,1,NO TV,1
Nuthakki,Cash,1,Normal,2
Nuthakki,Bank,1,NO TV,2
Nuthakki,Cash,2,Normal,8
Nuthakki,Cash,1,Normal,2
Nuthakki,Cash,0,Normal,2
Nuthakki,Cash,2,Normal,5
Nuthakki,Cash,1,Normal,2
Nuthakki,Cash,2,Smart,6
Nuthakki,Cash,0,Normal,4
Nuthakki,Cash,2,Smart,4
Nuthakki,Cash,1,Normal,2
Nuthakki,Cash,0,Normal,2
Nuthakki,Cash,3,NO TV,3
Nuthakki,Cash,3,Normal,3
Nuthakki,Cash,5,Normal,5
Nuthakki,Cash,1,Normal,3
Nuthakki,Cash,1,Normal,4
Nuthakki,Cash,1,Normal,2
Nuthakki,Cash,3,Normal,5
Nuthakki,Cash,5,Normal,5
Nuthakki,Cash,3,Normal,4
Nuthakki,Cash,2,NO TV,2
Nuthakki,Cash,0,Normal,4
Nuthakki,Cash,4,Normal,4
Nuthakki,Cash,2,NO TV,3
Nuthakki,Cash,1,Normal,1
Nuthakki,Cash,2,Normal,5
Nuthakki,Cash,3,Normal,8
Nuthakki,Cash,2,Normal,3
Nuthakki,Cash,1,Normal,5
Nuthakki,Cash,2,Normal,2
Nuthakki,Cash,3,Normal,6
Nuthakki,Cash,1,Normal,5
Nuthakki,Cash,1,NO TV,5
Nuthakki,Cash,1,NO TV,1
Nuthakki,Cash,2,Normal,6
Nuthakki,Cash,1,Normal,3
Nuthakki,Bank,2,Normal,4
Nuthakki,Bank,2,Normal,2
Nuthakki,Cash,2,Normal,3
Nuthakki,Cash,2,Normal,4
Nuthakki,Cash,1,Normal,3
Nuthakki,Cash,1,Normal,2
Nuthakki,Bank,3,Normal,4
Nuthakki,Bank,4,Normal,4
Nuthakki,Bank,4,Smart,4
Nuthakki,Bank,5,Normal,6
Nuthakki,Cash,2,Normal,3
Nuthakki,Cash,2,Normal,6
Nuthakki,Cash,2,Normal,4
Nuthakki,Cash,2,NO TV,6
Nuthakki,Cash,2,Normal,3
Nuthakki,Cash,3,Normal,6
Nuthakki,Cash,1,Normal,7
Nuthakki,Bank,4,Normal,9
Nuthakki,Cash,1,Normal,5
Nuthakki,Cash,2,Normal,5
Nuthakki,Cash,1,Normal,3
Nuthakki,Cash,3,Normal,6
Nuthakki,Cash,6,Normal,6
Nuthakki,Cash,1,Normal,4
Nuthakki,Cash,1,Normal,4
Nuthakki,Cash,1,Normal,3
Nuthakki,Cash,2,Normal,6
Nuthakki,Cash,1,Normal,4
Nuthakki,Bank,1,Normal,5
Nuthakki,Cash,1,Normal,4
Peddapalem,Cash,1,Normal,4
Seetanagaram,Cash,1,Normal,1
Chinnapalem,Cash,2,Normal,6
Athmakuru,Cash,2,Smart,2
Revendrapadu,Cash,2,NO TV,4
Revendrapadu,Cash,2,Normal,2
Revendrapadu,Cash,1,Normal,4
Revendrapadu,Cash,4,Normal,6
Revendrapadu,Cash,2,Normal,4
Revendrapadu,Bank,2,NO TV,3
Revendrapadu,Cash,1,Normal,6
Revendrapadu,Cash,1,Normal,4
Revendrapadu,Cash,1,Normal,6
Revendrapadu,Cash,1,Normal,3
Revendrapadu,Cash,0,Normal,2
Revendrapadu,Cash,0,Normal,1
Revendrapadu,Cash,1,NO TV,4
Revendrapadu,Cash,0,NO TV,1
Revendrapadu,Cash,4,Normal,4
Revendrapadu,Bank,2,Normal,3
Revendrapadu,Cash,0,Normal,1
Revendrapadu,Bank,2,Normal,5
Revendrapadu,Cash,2,Normal,2
Revendrapadu,Cash,1,Normal,6
Revendrapadu,Cash,2,Normal,4
Revendrapadu,Cash,4,Normal,4
Revendrapadu,Cash,2,Normal,4
Revendrapadu,Cash,2,Normal,5
Revendrapadu,Bank,4,Smart,5
Revendrapadu,Bank,4,Normal,4
Revendrapadu,Bank,4,Smart,6
Revendrapadu,Cash,3,NO TV,6
Revendrapadu,Cash,1,Normal,6
Revendrapadu,Cash,0,Normal,2
Revendrapadu,Cash,0,Normal,5
Revendrapadu,Cash,3,Normal,6
Revendrapadu,Cash,3,Normal,4
Revendrapadu,Cash,3,Smart,6
Revendrapadu,Cash,0,Normal,6
Revendrapadu,Bank,0,Normal,17
Revendrapadu,Cash,1,Normal,4
Revendrapadu,Cash,2,Normal,5
Revendrapadu,Bank,1,Normal,8
Revendrapadu,Bank,1,Normal,4
Revendrapadu,Cash,0,NO TV,6
Revendrapadu,Cash,11,Normal,11
Revendrapadu,Cash,2,Normal,6
Revendrapadu,Cash,1,NO TV,3
Revendrapadu,Cash,0,Normal,3
Revendrapadu,Cash,6,NO TV,6
Revendrapadu,Bank,5,Smart,5
Revendrapadu,Cash,1,Normal,4
Revendrapadu,Cash,1,Normal,2
Revendrapadu,Bank,3,Smart,5
Revendrapadu,Bank,2,Normal,4
Revendrapadu,Bank,2,Normal,3
Revendrapadu,Bank,1,Normal,5
Revendrapadu,Bank,2,Normal,4
Revendrapadu,Bank,1,Normal,3
Revendrapadu,Bank,1,Normal,4
Revendrapadu,Bank,1,Normal,5
Revendrapadu,Bank,1,Normal,4
Revendrapadu,Bank,1,Normal,4
Revendrapadu,Cash,2,Normal,4
Revendrapadu,Cash,1,Normal,7
Revendrapadu,Cash,1,Normal,5
Revendrapadu,Bank,2,Normal,4
Revendrapadu,Cash,2,Normal,5
Revendrapadu,Bank,5,Normal,5
Revendrapadu,Bank,3,Normal,4
Revendrapadu,Cash,1,Normal,4
Revendrapadu,Cash,2,Normal,2
Revendrapadu,Cash,1,Normal,3
Revendrapadu,Bank,2,Normal,4
Revendrapadu,Bank,2,Normal,5
Revendrapadu,Cash,1,NO TV,4
Revendrapadu,Bank,0,NO TV,3
Revendrapadu,Bank,5,Smart,6
Revendrapadu,Bank,2,Normal,5
Revendrapadu,Bank,1,Normal,5
Revendrapadu,Cash,1,NO TV,7
Revendrapadu,Cash,1,NO TV,6
Revendrapadu,Bank,2,Normal,2
Revendrapadu,Cash,2,,3
Revendrapadu,Cash,0,,3
Revendrapadu,Cash,1,,3
Revendrapadu,Cash,2,,4
Revendrapadu,Cash,1,Normal,2
Revendrapadu,Cash,2,Normal,3
Revendrapadu,Cash,1,Normal,4
Revendrapadu,Cash,1,Normal,2
Revendrapadu,Cash,1,,4
Revendrapadu,Bank,1,Normal,3
Revendrapadu,Cash,2,Normal,6
Revendrapadu,Cash,1,Normal,5
Revendrapadu,Cash,1,Normal,6
Revendrapadu,Cash,1,Normal,4
Revendrapadu,Cash,1,NO TV,2
Revendrapadu,Cash,3,Normal,4
Revendrapadu,Bank,2,Normal,5
Revendrapadu,Cash,1,Normal,3
Revendrapadu,Cash,2,Normal,6
Revendrapadu,Cash,1,Normal,4
Revendrapadu,Cash,1,Normal,6
Revendrapadu,Cash,1,Normal,3
Revendrapadu,Cash,2,Normal,5
Revendrapadu,Cash,2,Normal,2
Revendrapadu,Cash,1,Normal,5
Revendrapadu,Bank,2,Smart,5
Revendrapadu,Cash,2,Normal,4
Revendrapadu,Cash,3,Normal,3
Revendrapadu,Cash,2,NO TV,5
Revendrapadu,Cash,3,Normal,4
Revendrapadu,Cash,2,Normal,3
Revendrapadu,Cash,4,Normal,4
Revendrapadu,Cash,3,Normal,4
Revendrapadu,Cash,5,Normal,5
Revendrapadu,Cash,2,Smart,4
Revendrapadu,Cash,1,Normal,6
Revendrapadu,Cash,2,Normal,2
Revendrapadu,Cash,5,Smart,6
Revendrapadu,Cash,1,Normal,4
Revendrapadu,Cash,1,NO TV,4
Revendrapadu,Cash,1,Normal,5
Revendrapadu,Cash,1,Normal,4
Revendrapadu,Cash,1,Normal,4
Revendrapadu,Cash,1,Normal,5
Revendrapadu,Cash,1,Normal,6
Revendrapadu,Cash,1,Normal,4
Revendrapadu,Bank,2,Smart,4
Revendrapadu,Cash,1,Normal,5
Revendrapadu,Cash,2,NO TV,3
Revendrapadu,Bank,4,Normal,4
Revendrapadu,Bank,2,Normal,5
Revendrapadu,Bank,1,Normal,4
Revendrapadu,Cash,0,NO TV,7
Revendrapadu,Cash,1,Normal,5
Revendrapadu,Cash,1,Normal,6
Revendrapadu,Cash,2,Normal,4
Revendrapadu,Cash,4,Normal,4
Revendrapadu,Bank,2,Normal,2
Revendrapadu,Bank,4,Normal,5
Revendrapadu,Bank,2,Normal,4
Revendrapadu,Cash,1,NO TV,4
Vaddeswaram,Bank,5,Smart,5
Vaddeswaram,Cash,4,Normal,4
Chinnapalem,Cash,2,Normal,4
Vaddeswaram,Cash,4,Normal,4
Chinnapalem,Cash,1,Normal,5
Mellempudi,Cash,2,Normal,5
Gundimeda,Cash,1,Normal,4
Prathuru,Cash,3,Normal,5
Prathuru,Cash,2,NO TV,2
Prathuru,Bank,1,NO TV,4
Prathuru,Bank,0,Normal,5
Prathuru,Cash,6,Normal,6
Prathuru,Cash,1,NO TV,3
Prathuru,Bank,2,Normal,4
Prathuru,Cash,1,Normal,4
Prathuru,Cash,2,NO TV,4
Prathuru,Cash,1,Normal,5
Prathuru,Cash,1,NO TV,3
Prathuru,Cash,1,Normal,5
Prathuru,Cash,1,NO TV,1
Prathuru,Cash,0,NO TV,1
Prathuru,Bank,2,Normal,4
Prathuru,Cash,3,Normal,3
Prathuru,Cash,2,Normal,4
Prathuru,Cash,4,NO TV,4
Prathuru,Cash,0,NO TV,1
Prathuru,Cash,1,NO TV,4
Prathuru,Cash,0,NO TV,4
Prathuru,Cash,4,Normal,7
Prathuru,Cash,1,NO TV,4
Prathuru,Cash,1,NO TV,3
Prathuru,Cash,1,Normal,5
Prathuru,Cash,1,Normal,3
Prathuru,Cash,0,NO TV,2
Prathuru,Cash,3,Normal,3
Prathuru,Cash,0,Normal,2
Prathuru,Bank,2,Normal,6
Prathuru,Cash,2,Normal,5
Prathuru,Cash,1,Smart,4
Prathuru,Cash,1,Normal,4
Prathuru,Cash,2,Normal,4
Prathuru,Cash,2,Normal,4
Prathuru,Cash,1,Normal,4
Prathuru,Cash,2,Smart,4
Prathuru,Bank,1,NO TV,2
Prathuru,Cash,1,Normal,4
Prathuru,Cash,1,Normal,2
Prathuru,Cash,1,NO TV,5
Prathuru,Cash,4,Normal,6
Prathuru,Cash,1,Normal,4
Prathuru,Cash,1,Normal,3
Prathuru,Cash,3,Normal,5
Prathuru,Cash,2,Normal,6
Prathuru,Cash,2,Normal,3
Prathuru,Cash,1,Normal,7
Prathuru,Cash,1,NO TV,4
Prathuru,Cash,1,Normal,4
Prathuru,Cash,1,Normal,4
Prathuru,Cash,1,Normal,7
Prathuru,Cash,1,Normal,4
Prathuru,Cash,5,Normal,6
Prathuru,Cash,2,Normal,6
Prathuru,Bank,1,NO TV,2
Prathuru,Cash,0,NO TV,2
Prathuru,Cash,1,Normal,2
Prathuru,Cash,1,Normal,7
Prathuru,Cash,1,Normal,5
Prathuru,Cash,0,NO TV,2
Prathuru,Cash,1,Normal,6
Prathuru,Cash,2,NO TV,3
Prathuru,Cash,2,Normal,10
Prathuru,Cash,4,Normal,6
Prathuru,Bank,1,Normal,5
Prathuru,Bank,5,Smart,6
Prathuru,Bank,3,Normal,5
Prathuru,Cash,2,Normal,6
Prathuru,Cash,1,NO TV,2
Prathuru,Bank,2,Smart,3
Prathuru,Cash,2,Normal,6
Prathuru,Cash,2,Normal,5
Prathuru,Cash,3,Smart,3
Prathuru,Cash,1,Normal,4
Prathuru,Cash,1,Normal,2
Prathuru,Cash,2,Normal,4
Prathuru,Cash,2,Normal,4
Prathuru,Cash,2,Normal,6
Prathuru,Cash,1,Normal,3
Prathuru,Cash,1,Normal,4
Prathuru,Cash,4,Normal,7
Prathuru,Cash,4,Normal,4
Prathuru,Cash,2,Normal,7
Prathuru,Cash,2,Normal,4
Prathuru,Cash,7,Normal,9
Prathuru,Cash,3,Normal,3
Prathuru,Cash,1,Normal,5
Prathuru,Cash,1,Normal,1
Prathuru,Cash,4,Normal,15
Prathuru,Cash,2,Normal,9
Prathuru,Cash,0,NO TV,3
Prathuru,Cash,1,Normal,4
Prathuru,Cash,2,Normal,4
Prathuru,Cash,6,Normal,5
Prathuru,Cash,0,NO TV,5
Prathuru,Bank,5,Smart,6
Prathuru,Cash,2,Normal,4
Prathuru,Bank,5,Normal,6
Prathuru,Bank,2,Normal,6
Prathuru,Bank,5,Smart,5
Prathuru,Cash,2,Normal,4
Prathuru,Cash,2,NO TV,6
Prathuru,Cash,3,Normal,3
Prathuru,Cash,2,Smart,4
Prathuru,Cash,1,Normal,2
Prathuru,Cash,1,Normal,3
Prathuru,Bank,3,Normal,3
Prathuru,Cash,2,Normal,2
Prathuru,Cash,1,Normal,5
Prathuru,Cash,1,Normal,4
Prathuru,Cash,1,NO TV,3
Prathuru,Cash,1,Normal,4
Prathuru,Cash,2,Normal,3
Prathuru,Cash,1,Normal,6
Prathuru,Cash,2,Normal,2
Prathuru,Cash,4,NO TV,5
Prathuru,Bank,1,Normal,4
Prathuru,Cash,1,Normal,3
Prathuru,Bank,2,Smart,4
Prathuru,Cash,0,NO TV,1
Prathuru,Bank,1,Normal,4
Prathuru,Cash,3,Normal,4
Prathuru,Cash,2,Normal,3
Prathuru,Bank,2,Smart,4
Prathuru,Cash,2,Smart,4
Prathuru,Cash,2,Normal,12
Prathuru,Cash,2,Normal,2
Prathuru,Cash,0,Normal,7
Prathuru,Cash,1,NO TV,6
Prathuru,Cash,3,Normal,3
Prathuru,Cash,1,Normal,4
Prathuru,Cash,0,Smart,0
Vaddeswaram,Cash,6,NO TV,5
Vaddeswaram,Bank,2,Smart,5
Vaddeswaram,Cash,4,Normal,4
Vaddeswaram,Cash,2,Normal,4
Vaddeswaram,Bank,2,Normal,4
Vaddeswaram,Cash,1,NO TV,3
Vaddeswaram,Cash,7,Normal,10
Vaddeswaram,Cash,0,Smart,5
Vaddeswaram,Cash,2,Normal,5
Vaddeswaram,Cash,0,NO TV,1
Vaddeswaram,Bank,2,Normal,6
Vaddeswaram,Bank,1,Normal,4
Vaddeswaram,Cash,0,Normal,5
Vaddeswaram,Bank,1,Normal,4
Vaddeswaram,Bank,4,Normal,5
Vaddeswaram,Cash,2,Normal,4
Vaddeswaram,Cash,1,Smart,6
Vaddeswaram,Cash,2,Normal,4
Vaddeswaram,Cash,2,Normal,4
Vaddeswaram,Bank,1,NO TV,2
Vaddeswaram,Cash,2,Smart,4
Vaddeswaram,Bank,1,Normal,4
Vaddeswaram,Bank,2,Normal,3
Vaddeswaram,Cash,2,Normal,5
Vaddeswaram,Bank,2,Normal,7
Vaddeswaram,Cash,2,Normal,2
Vaddeswaram,Cash,2,Normal,4
Vaddeswaram,Cash,3,Smart,5
Vaddeswaram,Cash,2,Normal,4
Vaddeswaram,Cash,2,Normal,6
Vaddeswaram,Cash,4,Normal,9
Vaddeswaram,Cash,1,Normal,1
Vaddeswaram,Cash,1,Smart,4
Vaddeswaram,Cash,1,Normal,3
Vaddeswaram,Cash,1,Normal,6
Vaddeswaram,Cash,2,Normal,18
Vaddeswaram,Bank,4,Normal,4
Vaddeswaram,Cash,3,Normal,7
Vaddeswaram,Cash,0,Normal,2
Vaddeswaram,Cash,1,Normal,4
Vaddeswaram,Cash,4,Normal,4
Vaddeswaram,Cash,3,Normal,10
Vaddeswaram,Cash,2,Normal,4
Vaddeswaram,Bank,1,NO TV,4
Vaddeswaram,Cash,1,Normal,4
Vaddeswaram,Cash,1,Normal,4
Vaddeswaram,Cash,1,Normal,4
Vaddeswaram,Bank,1,Normal,3
Vaddeswaram,Cash,1,NO TV,3
Vaddeswaram,Cash,2,Normal,2
Vaddeswaram,Cash,3,NO TV,5
Vaddeswaram,Cash,1,Normal,2
Vaddeswaram,Bank,1,Normal,4
Vaddeswaram,Cash,1,Normal,5
Vaddeswaram,Bank,1,Normal,3
Vaddeswaram,Bank,3,Normal,3
Vaddeswaram,Bank,1,Normal,4
Vaddeswaram,Cash,3,Normal,5
Vaddeswaram,Cash,2,Normal,4
Vaddeswaram,Cash,0,Normal,4
Vaddeswaram,Cash,4,Normal,4
Vaddeswaram,Bank,1,Normal,4
Vaddeswaram,Cash,2,Normal,4
Vaddeswaram,Cash,2,Normal,4
Vaddeswaram,Cash,1,NO TV,5
Vaddeswaram,Bank,2,Smart,4
Vaddeswaram,Cash,1,Smart,4
Vaddeswaram,Cash,1,Normal,6
Vaddeswaram,Cash,1,NO TV,5
Vaddeswaram,Cash,1,NO TV,4
Vaddeswaram,Cash,2,Normal,10
Vaddeswaram,Cash,2,Normal,3
Vaddeswaram,Cash,1,Normal,8
Vaddeswaram,Bank,2,Normal,4
Vaddeswaram,Cash,1,Normal,6
Vaddeswaram,Cash,2,Normal,8
Vaddeswaram,Bank,4,NO TV,6
Vaddeswaram,Cash,1,Normal,7
Vaddeswaram,Cash,3,NO TV,3
Vaddeswaram,Cash,1,Normal,4
Vaddeswaram,Cash,0,NO TV,1
Vaddeswaram,Bank,2,Normal,2
Vaddeswaram,Bank,2,Smart,2
Vaddeswaram,Cash,4,Normal,4
Vaddeswaram,Cash,2,Normal,8
Vaddeswaram,Cash,2,Normal,4
Vaddeswaram,Cash,4,Normal,6
Vaddeswaram,Cash,2,Smart,4
Vaddeswaram,Cash,2,Smart,3
Vaddeswaram,Cash,2,Normal,6
Vaddeswaram,Cash,2,NO TV,4
Vaddeswaram,Cash,1,Normal,4
Vaddeswaram,Cash,0,Normal,7
Vaddeswaram,Cash,1,Normal,7
Vaddeswaram,Cash,6,Normal,10
Vaddeswaram,Cash,1,Normal,1
Vaddeswaram,Cash,2,Normal,4
Vaddeswaram,Cash,6,Normal,6
Vaddeswaram,Cash,2,Smart,4
Vaddeswaram,Cash,6,Normal,10
Vaddeswaram,Cash,2,Normal,3
Vaddeswaram,Cash,2,Normal,5
Vaddeswaram,Cash,2,Normal,6
Vaddeswaram,Cash,2,Normal,5
Vaddeswaram,Cash,2,Normal,4
Vaddeswaram,Cash,1,Normal,3
Vaddeswaram,Cash,0,NO TV,1
Vaddeswaram,Cash,1,Normal,4
Vaddeswaram,Cash,9,Normal,9
Vaddeswaram,Cash,2,Normal,6
Vaddeswaram,Cash,2,Normal,3
Vaddeswaram,Cash,3,Normal,7
Vaddeswaram,Cash,3,Normal,5
Vaddeswaram,Cash,2,Normal,4
Vaddeswaram,Bank,4,Smart,5
Chirravuru,Cash,1,,1
Chirravuru,Cash,2,,2
Chirravuru,Cash,0,Normal,3
Chirravuru,Bank,2,Normal,5
Chirravuru,Cash,2,Normal,2
Chirravuru,Bank,2,Normal,3
Chirravuru,Cash,1,Normal,3
Chirravuru,Cash,2,Normal,5
Chirravuru,Cash,7,Normal,8
Chirravuru,Cash,0,NO TV,1
Chirravuru,Cash,2,Normal,4
Chirravuru,Cash,0,Normal,4
Athmakuru,Cash,2,Normal,5
Chirravuru,Cash,1,Normal,4
Chirravuru,Cash,1,Normal,5
Chirravuru,Cash,0,NO TV,3
Chirravuru,Cash,0,NO TV,2
Chirravuru,Cash,2,Normal,6
Chirravuru,Cash,2,Normal,4
Chirravuru,Cash,2,Normal,3
Chirravuru,Cash,1,Normal,3
Chirravuru,Cash,6,Normal,9
Chirravuru,Cash,2,Normal,2
Chirravuru,Cash,4,Normal,4
Chirravuru,Cash,1,Normal,4
Chirravuru,Cash,2,Normal,5
Chirravuru,Cash,2,Normal,4
Chirravuru,Cash,2,Normal,4
Chirravuru,Cash,2,Smart,2
Chirravuru,Cash,2,,3
Chirravuru,Cash,2,Normal,4
Chirravuru,Cash,10,Smart,10
Chirravuru,Cash,0,Normal,5
Chirravuru,Cash,2,Normal,6
Chirravuru,Cash,2,NO TV,5
Chirravuru,Cash,3,Smart,5
Chirravuru,Cash,1,NO TV,2
Chirravuru,Cash,1,Normal,3
Chirravuru,Cash,1,Normal,10
Chirravuru,Bank,1,Normal,6
Chirravuru,Cash,4,Normal,5
Chirravuru,Cash,2,Normal,4
Chirravuru,Cash,2,Normal,4
Chirravuru,Cash,3,,3
Chirravuru,Cash,2,Normal,5
Chirravuru,Bank,3,,4
Chirravuru,Cash,1,,3
Chirravuru,Cash,1,Normal,4
Chirravuru,Cash,2,Normal,3
Chirravuru,Cash,1,Normal,2
Chirravuru,Cash,1,Normal,2
Chirravuru,Cash,4,NO TV,6
Chirravuru,Cash,1,Normal,5
Chirravuru,Bank,2,Normal,4
Chirravuru,Cash,3,Normal,6
Chirravuru,Cash,1,Normal,3
Chirravuru,Cash,1,NO TV,3
Chirravuru,Cash,2,,7
Chirravuru,Cash,2,Normal,4
Chirravuru,Cash,2,Smart,3
Chirravuru,Bank,2,,2
Chirravuru,Cash,4,Normal,5
Chirravuru,Cash,4,,4
Chirravuru,Cash,2,Normal,6
Chirravuru,Bank,4,,4
Chirravuru,Bank,4,,6
Chirravuru,Cash,1,Normal,4
Chirravuru,Cash,2,Smart,4
Chirravuru,Cash,1,,2
Chirravuru,Cash,2,Normal,4
Chirravuru,Cash,8,Normal,8
Chirravuru,Cash,3,Smart,3
Chirravuru,Cash,4,,4
Chirravuru,Bank,1,,1
Chirravuru,Bank,2,,3
Chirravuru,Cash,0,,2
Chirravuru,Cash,2,,4
Chirravuru,Bank,1,,2
Chirravuru,Cash,1,,4
Chirravuru,Cash,3,,5
Chirravuru,Bank,1,NO TV,2
Chirravuru,Bank,4,Normal,7
Chirravuru,Cash,3,Smart,2
Chirravuru,Bank,4,Normal,4
Chirravuru,Cash,5,Normal,4
Chirravuru,Bank,2,Normal,5
Chirravuru,Cash,1,Normal,1
Chirravuru,Bank,4,Normal,4
Chirravuru,Bank,2,Normal,4
Chirravuru,Cash,2,Normal,7
Chirravuru,Bank,1,Normal,4
Chirravuru,Bank,3,Normal,10
Chirravuru,Bank,2,Normal,4
Chirravuru,Cash,0,NO TV,5
Chirravuru,Cash,1,,2
Chirravuru,Bank,2,Normal,5
Chirravuru,Cash,1,,2
Chirravuru,Cash,0,,2
Chirravuru,Bank,2,Normal,4
Chirravuru,Cash,1,Normal,5
Chirravuru,Cash,0,NO TV,4
Chirravuru,Bank,2,Normal,3
Chirravuru,Cash,1,,4
Chirravuru,Cash,2,,4
Chirravuru,Cash,1,,2
Chirravuru,Cash,1,NO TV,1
Chirravuru,Cash,4,Normal,2
Chirravuru,Cash,1,Normal,2
Chirravuru,Bank,2,Smart,7
Chirravuru,Cash,1,Normal,3
Chirravuru,Bank,1,Normal,3
Chirravuru,Bank,3,Normal,4
Chirravuru,Cash,1,Normal,3
Chirravuru,Cash,2,Normal,4
Chirravuru,Bank,1,Normal,3
Chirravuru,Bank,1,Normal,1
Chirravuru,Cash,0,Normal,2
Chirravuru,Cash,3,Smart,6
Chirravuru,Cash,3,Normal,6
Chirravuru,Cash,1,Normal,4
Chirravuru,Cash,0,NO TV,4
Chirravuru,Cash,1,Normal,4
Chirravuru,Bank,2,Normal,4
Chirravuru,Cash,1,NO TV,2
Chirravuru,Bank,0,Normal,4
Chirravuru,Bank,1,Normal,3
Chirravuru,Cash,4,Smart,6
Chirravuru,Cash,2,Normal,6
Chirravuru,Cash,2,Normal,5
Chirravuru,Cash,1,Normal,6
Chirravuru,Cash,2,Normal,4
Chirravuru,Cash,2,NO TV,4
Chirravuru,Cash,1,Normal,4
Chirravuru,Cash,1,Normal,3
Chirravuru,Cash,1,,4
Chirravuru,Cash,2,,2
Chirravuru,Cash,1,NO TV,3
Chirravuru,Cash,4,Smart,8
Chirravuru,Cash,2,Normal,2
Chirravuru,Bank,6,Smart,15
Chirravuru,Cash,1,NO TV,6
Chirravuru,Cash,1,Normal,2
Chirravuru,Cash,2,Normal,6
Chirravuru,Cash,1,Normal,3
Chirravuru,Cash,2,Normal,6
Chirravuru,Cash,1,Normal,4
Chirravuru,Cash,1,Normal,3
Chirravuru,Cash,2,Normal,5
Chirravuru,Cash,8,Smart,15
Chirravuru,Cash,1,NO TV,6
Chirravuru,Cash,1,Normal,2
Chirravuru,Cash,1,Normal,2
Chirravuru,Cash,1,Normal,4
Chirravuru,Cash,0,NO TV,2
Chirravuru,Cash,0,,1
Chirravuru,Cash,2,,4
Chirravuru,Cash,1,Normal,4
Chirravuru,Cash,1,NO TV,2
Chirravuru,Cash,1,Normal,5
Chirravuru,Cash,1,Normal,5
Chirravuru,Cash,2,Normal,3
Chirravuru,Cash,2,,6
Chirravuru,Cash,1,Normal,4
Chirravuru,Cash,4,Normal,4
Chirravuru,Cash,2,Normal,3
Chirravuru,Cash,1,Normal,4
Chirravuru,Cash,1,Normal,4
Chirravuru,Cash,3,Normal,4
Chirravuru,Cash,2,Normal,3
Chirravuru,Cash,2,Normal,2
Chirravuru,Bank,6,Smart,6
Chirravuru,Cash,6,Normal,7
Chirravuru,Cash,2,,4
Chirravuru,Cash,2,,3
Chirravuru,Cash,6,,10
Chirravuru,Cash,3,,6
Chirravuru,Cash,1,Normal,3
Chirravuru,Bank,2,Normal,4
Chirravuru,Cash,2,Normal,4
Chirravuru,Cash,1,Normal,2
Chirravuru,Cash,2,Normal,3
Chirravuru,Cash,6,,10
Chirravuru,Cash,1,,2
Chirravuru,Bank,2,,4
Chirravuru,Cash,1,Normal,2
Chirravuru,Cash,2,Normal,7
Chirravuru,Cash,1,NO TV,2
Chirravuru,Bank,7,Normal,7
Chirravuru,Cash,1,,5
Chirravuru,Cash,2,Smart,2
Chirravuru,Cash,2,Normal,4
Chirravuru,Bank,1,Smart,4
Chirravuru,Cash,1,Normal,5
Chirravuru,Cash,2,Smart,4
Chirravuru,Cash,2,Normal,2
Chirravuru,Cash,1,Normal,4
Chirravuru,Bank,4,Normal,5
Chirravuru,Cash,0,Normal,4
Chirravuru,Cash,2,Normal,9
Chirravuru,Cash,1,Normal,5
Chirravuru,Cash,2,Normal,4
Chirravuru,Cash,2,Normal,4
Chirravuru,Cash,1,NO TV,5
Chirravuru,Cash,0,Normal,4
Chirravuru,Cash,1,Normal,4
Chirravuru,Cash,2,Smart,2
Chirravuru,Cash,2,Smart,4
Chirravuru,Bank,1,Smart,4
Chirravuru,Cash,1,NO TV,2
Chirravuru,Cash,1,Normal,5
Chirravuru,Cash,1,Normal,5
Chirravuru,Cash,2,Normal,3
Chirravuru,Cash,1,Smart,5
Chirravuru,Bank,2,Normal,4
Chirravuru,Cash,2,,4
Chirravuru,Cash,2,,4
Chirravuru,Cash,2,,4
Chirravuru,Bank,3,,5
Chirravuru,Cash,2,,2
Chirravuru,Cash,2,,4
Chirravuru,Cash,3,,6
Chirravuru,Cash,1,,3
Chirravuru,Cash,2,,3
Chirravuru,Cash,1,,1
Chirravuru,Cash,2,,4
Chirravuru,Cash,2,,2
Chirravuru,Cash,1,,3
Chirravuru,Cash,1,,2
Chirravuru,Cash,1,,3
Chirravuru,Cash,1,,2
Chirravuru,Cash,1,,4
Chirravuru,Cash,1,,2
